Date,Start (ET),Visitor/Neutral,PTS,Home/Neutral,PTS.1,Unnamed: 6,Unnamed: 7,Attend.,LOG,Arena,Notes,Season
"Tue, Oct 28, 2014",8:00p,Orlando Magic,84,New Orleans Pelicans,101,Box Score,,17097,2:12,Smoothie King Center,,2015
"Tue, Oct 28, 2014",8:00p,Dallas Mavericks,100,San Antonio Spurs,101,Box Score,,19615,2:20,AT&T Center,,2015
"Tue, Oct 28, 2014",10:30p,Houston Rockets,108,Los Angeles Lakers,90,Box Score,,18997,2:46,STAPLES Center,,2015
"Wed, Oct 29, 2014",7:00p,Milwaukee Bucks,106,Charlotte Hornets,108,Box Score,OT,19439,2:34,Time Warner Cable Arena,,2015
"Wed, Oct 29, 2014",7:00p,Philadelphia 76ers,91,Indiana Pacers,103,Box Score,,18165,2:24,Bankers Life Fieldhouse,,2015
"Wed, Oct 29, 2014",7:30p,Atlanta Hawks,102,Toronto Raptors,109,Box Score,,19800,2:24,Air Canada Centre,,2015
"Wed, Oct 29, 2014",7:30p,Washington Wizards,95,Miami Heat,107,Box Score,,19744,2:14,AmericanAirlines Arena,,2015
"Wed, Oct 29, 2014",7:30p,Brooklyn Nets,105,Boston Celtics,121,Box Score,,18624,2:13,TD Garden,,2015
"Wed, Oct 29, 2014",8:00p,Chicago Bulls,104,New York Knicks,80,Box Score,,19812,2:12,Madison Square Garden (IV),,2015
"Wed, Oct 29, 2014",8:00p,Minnesota Timberwolves,101,Memphis Grizzlies,105,Box Score,,17731,2:16,FedEx Forum,,2015
"Wed, Oct 29, 2014",9:00p,Detroit Pistons,79,Denver Nuggets,89,Box Score,,17136,2:20,Pepsi Center,,2015
"Wed, Oct 29, 2014",9:00p,Houston Rockets,104,Utah Jazz,93,Box Score,,19911,2:03,EnergySolutions Arena,,2015
"Wed, Oct 29, 2014",10:00p,Los Angeles Lakers,99,Phoenix Suns,119,Box Score,,17523,2:10,US Airways Center,,2015
"Wed, Oct 29, 2014",10:00p,Golden State Warriors,95,Sacramento Kings,77,Box Score,,17317,2:27,Sleep Train Arena,,2015
"Wed, Oct 29, 2014",10:30p,Oklahoma City Thunder,89,Portland Trail Blazers,106,Box Score,,19441,2:21,Moda Center,,2015
"Thu, Oct 30, 2014",7:00p,Washington Wizards,105,Orlando Magic,98,Box Score,,18846,2:21,Amway Center,,2015
"Thu, Oct 30, 2014",8:00p,New York Knicks,95,Cleveland Cavaliers,90,Box Score,,20562,2:29,Quicken Loans Arena,,2015
"Thu, Oct 30, 2014",8:00p,Detroit Pistons,91,Minnesota Timberwolves,97,Box Score,,18296,2:11,Target Center,,2015
"Thu, Oct 30, 2014",8:30p,Utah Jazz,102,Dallas Mavericks,120,Box Score,,19697,2:06,American Airlines Center,,2015
"Thu, Oct 30, 2014",10:30p,Oklahoma City Thunder,90,Los Angeles Clippers,93,Box Score,,19060,2:47,STAPLES Center,,2015
"Fri, Oct 31, 2014",7:00p,Memphis Grizzlies,97,Indiana Pacers,89,Box Score,,14441,2:13,Bankers Life Fieldhouse,,2015
"Fri, Oct 31, 2014",8:00p,Cleveland Cavaliers,114,Chicago Bulls,108,Box Score,OT,22879,2:43,United Center,,2015
"Fri, Oct 31, 2014",8:30p,Philadelphia 76ers,81,Milwaukee Bucks,93,Box Score,,18717,2:14,BMO Harris Bradley Center,,2015
"Fri, Oct 31, 2014",10:00p,San Antonio Spurs,89,Phoenix Suns,94,Box Score,,15050,2:17,US Airways Center,,2015
"Fri, Oct 31, 2014",10:00p,Portland Trail Blazers,94,Sacramento Kings,103,Box Score,,14648,2:26,Sleep Train Arena,,2015
"Fri, Oct 31, 2014",10:30p,Los Angeles Clippers,118,Los Angeles Lakers,111,Box Score,,18997,2:33,STAPLES Center,,2015
"Tue, Oct 27, 2015",8:00p,Cleveland Cavaliers,95,Chicago Bulls,97,Box Score,,21957,2:22,United Center,,2016
"Tue, Oct 27, 2015",8:00p,Detroit Pistons,106,Atlanta Hawks,94,Box Score,,19187,2:10,Philips Arena,,2016
"Tue, Oct 27, 2015",10:30p,New Orleans Pelicans,95,Golden State Warriors,111,Box Score,,19596,2:24,Oracle Arena,,2016
"Wed, Oct 28, 2015",7:00p,Washington Wizards,88,Orlando Magic,87,Box Score,,18846,2:21,Amway Center,,2016
"Wed, Oct 28, 2015",7:30p,Philadelphia 76ers,95,Boston Celtics,112,Box Score,,18624,2:13,TD Garden,,2016
"Wed, Oct 28, 2015",7:30p,Chicago Bulls,115,Brooklyn Nets,100,Box Score,,17732,2:12,Barclays Center,,2016
"Wed, Oct 28, 2015",7:30p,Utah Jazz,87,Detroit Pistons,92,Box Score,,18434,2:18,The Palace of Auburn Hills,,2016
"Wed, Oct 28, 2015",7:30p,Indiana Pacers,99,Toronto Raptors,106,Box Score,,19800,2:34,Air Canada Centre,,2016
"Wed, Oct 28, 2015",7:30p,Charlotte Hornets,94,Miami Heat,104,Box Score,,19724,2:19,AmericanAirlines Arena,,2016
"Wed, Oct 28, 2015",8:00p,New York Knicks,122,Milwaukee Bucks,97,Box Score,,18717,2:20,BMO Harris Bradley Center,,2016
"Wed, Oct 28, 2015",8:00p,San Antonio Spurs,106,Oklahoma City Thunder,112,Box Score,,18203,2:19,Chesapeake Energy Arena,,2016
"Wed, Oct 28, 2015",8:00p,Cleveland Cavaliers,106,Memphis Grizzlies,76,Box Score,,18119,2:07,FedEx Forum,,2016
"Wed, Oct 28, 2015",8:00p,Denver Nuggets,105,Houston Rockets,85,Box Score,,18240,2:12,Toyota Center,,2016
"Wed, Oct 28, 2015",10:00p,Dallas Mavericks,111,Phoenix Suns,95,Box Score,,18055,2:21,Talking Stick Resort Arena,,2016
"Wed, Oct 28, 2015",10:00p,New Orleans Pelicans,94,Portland Trail Blazers,112,Box Score,,19393,2:06,Moda Center,,2016
"Wed, Oct 28, 2015",10:00p,Los Angeles Clippers,111,Sacramento Kings,104,Box Score,,17458,2:19,Sleep Train Arena,,2016
"Wed, Oct 28, 2015",10:30p,Minnesota Timberwolves,112,Los Angeles Lakers,111,Box Score,,18997,2:35,STAPLES Center,,2016
"Thu, Oct 29, 2015",7:00p,Memphis Grizzlies,112,Indiana Pacers,103,Box Score,,18165,2:18,Bankers Life Fieldhouse,,2016
"Thu, Oct 29, 2015",8:00p,Atlanta Hawks,112,New York Knicks,101,Box Score,,19812,2:21,Madison Square Garden (IV),,2016
"Thu, Oct 29, 2015",10:30p,Dallas Mavericks,88,Los Angeles Clippers,104,Box Score,,19218,2:23,STAPLES Center,,2016
"Fri, Oct 30, 2015",7:00p,Miami Heat,92,Cleveland Cavaliers,102,Box Score,,20562,2:17,Quicken Loans Arena,,2016
"Fri, Oct 30, 2015",7:00p,Utah Jazz,99,Philadelphia 76ers,71,Box Score,,17122,2:15,Wells Fargo Center,,2016
"Fri, Oct 30, 2015",7:00p,Oklahoma City Thunder,139,Orlando Magic,136,Box Score,2OT,18846,3:07,Amway Center,,2016
"Fri, Oct 30, 2015",7:30p,Toronto Raptors,113,Boston Celtics,103,Box Score,,16898,2:29,TD Garden,,2016
"Fri, Oct 30, 2015",7:30p,Chicago Bulls,94,Detroit Pistons,98,Box Score,OT,16035,2:33,The Palace of Auburn Hills,,2016
"Fri, Oct 30, 2015",8:00p,Charlotte Hornets,94,Atlanta Hawks,97,Box Score,,17024,2:19,Philips Arena,,2016
"Fri, Oct 30, 2015",8:00p,Washington Wizards,118,Milwaukee Bucks,113,Box Score,,13858,2:29,BMO Harris Bradley Center,,2016
"Fri, Oct 30, 2015",8:30p,Brooklyn Nets,75,San Antonio Spurs,102,Box Score,,18418,2:06,AT&T Center,,2016
"Fri, Oct 30, 2015",9:00p,Minnesota Timberwolves,95,Denver Nuggets,78,Box Score,,17660,2:27,Pepsi Center,,2016
"Fri, Oct 30, 2015",9:30p,Golden State Warriors,112,Houston Rockets,92,Box Score,,18142,2:20,Toyota Center,,2016
"Fri, Oct 30, 2015",10:00p,Los Angeles Lakers,114,Sacramento Kings,132,Box Score,,17391,2:14,Sleep Train Arena,,2016
"Fri, Oct 30, 2015",10:30p,Portland Trail Blazers,92,Phoenix Suns,110,Box Score,,18055,2:39,Talking Stick Resort Arena,,2016
"Sat, Oct 31, 2015",7:00p,Utah Jazz,97,Indiana Pacers,76,Box Score,,14412,2:13,Bankers Life Fieldhouse,,2016
"Sat, Oct 31, 2015",7:00p,New York Knicks,117,Washington Wizards,110,Box Score,,20356,2:37,Verizon Center,,2016
"Sat, Oct 31, 2015",7:30p,Golden State Warriors,134,New Orleans Pelicans,120,Box Score,,18406,2:11,Smoothie King Center,,2016
"Sat, Oct 31, 2015",8:00p,Brooklyn Nets,91,Memphis Grizzlies,101,Box Score,,16013,2:16,FedEx Forum,,2016
"Sat, Oct 31, 2015",10:00p,Phoenix Suns,101,Portland Trail Blazers,90,Box Score,,17906,2:09,Moda Center,,2016
"Sat, Oct 31, 2015",10:30p,Sacramento Kings,109,Los Angeles Clippers,114,Box Score,,19060,2:34,STAPLES Center,,2016
"Tue, Oct 25, 2016",7:30p,New York Knicks,88,Cleveland Cavaliers,117,Box Score,,20562,2:19,Quicken Loans Arena,,2017
"Tue, Oct 25, 2016",10:00p,Utah Jazz,104,Portland Trail Blazers,113,Box Score,,19446,2:12,Moda Center,,2017
"Tue, Oct 25, 2016",10:30p,San Antonio Spurs,129,Golden State Warriors,100,Box Score,,19596,2:18,Oracle Arena,,2017
"Wed, Oct 26, 2016",7:00p,Dallas Mavericks,121,Indiana Pacers,130,Box Score,OT,17923,2:47,Bankers Life Fieldhouse,,2017
"Wed, Oct 26, 2016",7:00p,Miami Heat,108,Orlando Magic,96,Box Score,,19298,2:19,Amway Center,,2017
"Wed, Oct 26, 2016",7:30p,Detroit Pistons,91,Toronto Raptors,109,Box Score,,19800,2:10,Air Canada Centre,,2017
"Wed, Oct 26, 2016",7:30p,Brooklyn Nets,117,Boston Celtics,122,Box Score,,18624,2:21,TD Garden,,2017
"Wed, Oct 26, 2016",8:00p,Charlotte Hornets,107,Milwaukee Bucks,96,Box Score,,18717,2:18,BMO Harris Bradley Center,,2017
"Wed, Oct 26, 2016",8:00p,Denver Nuggets,107,New Orleans Pelicans,102,Box Score,,15869,2:31,Smoothie King Center,,2017
"Wed, Oct 26, 2016",8:00p,Minnesota Timberwolves,98,Memphis Grizzlies,102,Box Score,,18119,2:30,FedEx Forum,,2017
"Wed, Oct 26, 2016",8:00p,Oklahoma City Thunder,103,Philadelphia 76ers,97,Box Score,,20487,2:32,Wells Fargo Center,,2017
"Wed, Oct 26, 2016",10:00p,Sacramento Kings,113,Phoenix Suns,94,Box Score,,18055,2:20,Talking Stick Resort Arena,,2017
"Wed, Oct 26, 2016",10:30p,Houston Rockets,114,Los Angeles Lakers,120,Box Score,,18997,2:27,STAPLES Center,,2017
"Thu, Oct 27, 2016",7:30p,Washington Wizards,99,Atlanta Hawks,114,Box Score,,19049,2:16,Philips Arena,,2017
"Thu, Oct 27, 2016",8:00p,Boston Celtics,99,Chicago Bulls,105,Box Score,,21501,2:31,United Center,,2017
"Thu, Oct 27, 2016",10:30p,Los Angeles Clippers,114,Portland Trail Blazers,106,Box Score,,19500,2:47,Moda Center,,2017
"Thu, Oct 27, 2016",10:30p,San Antonio Spurs,102,Sacramento Kings,94,Box Score,,17608,2:19,Golden 1 Center,,2017
"Fri, Oct 28, 2016",7:00p,Cleveland Cavaliers,94,Toronto Raptors,91,Box Score,,19800,2:26,Air Canada Centre,,2017
"Fri, Oct 28, 2016",7:30p,Indiana Pacers,94,Brooklyn Nets,103,Box Score,,17732,2:14,Barclays Center,,2017
"Fri, Oct 28, 2016",7:30p,Orlando Magic,82,Detroit Pistons,108,Box Score,,19122,1:57,The Palace of Auburn Hills,,2017
"Fri, Oct 28, 2016",8:00p,Phoenix Suns,110,Oklahoma City Thunder,113,Box Score,OT,18203,2:52,Chesapeake Energy Arena,,2017
"Fri, Oct 28, 2016",8:00p,Charlotte Hornets,97,Miami Heat,91,Box Score,,19600,2:16,AmericanAirlines Arena,,2017
"Fri, Oct 28, 2016",8:30p,Houston Rockets,106,Dallas Mavericks,98,Box Score,,20163,2:14,American Airlines Center,,2017
"Fri, Oct 28, 2016",9:00p,Los Angeles Lakers,89,Utah Jazz,96,Box Score,,19911,2:29,Vivint Smart Home Arena,,2017
"Fri, Oct 28, 2016",9:30p,Golden State Warriors,122,New Orleans Pelicans,114,Box Score,,18217,2:30,Smoothie King Center,,2017
"Sat, Oct 29, 2016",12:30p,Atlanta Hawks,104,Philadelphia 76ers,72,Box Score,,16312,2:09,Wells Fargo Center,,2017
"Sat, Oct 29, 2016",7:00p,Boston Celtics,104,Charlotte Hornets,98,Box Score,,18708,2:18,Spectrum Center,,2017
"Sat, Oct 29, 2016",7:30p,Orlando Magic,99,Cleveland Cavaliers,105,Box Score,,20562,2:33,Quicken Loans Arena,,2017
"Sat, Oct 29, 2016",7:30p,Memphis Grizzlies,104,New York Knicks,111,Box Score,,19812,2:37,Madison Square Garden (IV),,2017
"Sat, Oct 29, 2016",8:00p,New Orleans Pelicans,79,San Antonio Spurs,98,Box Score,,18418,2:05,AT&T Center,,2017
"Sat, Oct 29, 2016",8:00p,Brooklyn Nets,108,Milwaukee Bucks,110,Box Score,,12570,2:14,BMO Harris Bradley Center,,2017
"Sat, Oct 29, 2016",8:00p,Indiana Pacers,101,Chicago Bulls,118,Box Score,,21373,2:00,United Center,,2017
"Sat, Oct 29, 2016",9:00p,Portland Trail Blazers,115,Denver Nuggets,113,Box Score,OT,18055,3:19,Pepsi Center,,2017
"Sat, Oct 29, 2016",10:30p,Minnesota Timberwolves,103,Sacramento Kings,106,Box Score,,17608,2:33,Golden 1 Center,,2017
"Sun, Oct 30, 2016",4:30p,Utah Jazz,75,Los Angeles Clippers,88,Box Score,,19060,2:08,STAPLES Center,,2017
"Sun, Oct 30, 2016",6:00p,Milwaukee Bucks,83,Detroit Pistons,98,Box Score,,15161,2:05,The Palace of Auburn Hills,,2017
"Sun, Oct 30, 2016",6:00p,San Antonio Spurs,106,Miami Heat,99,Box Score,,19678,2:32,AmericanAirlines Arena,,2017
"Sun, Oct 30, 2016",6:00p,Golden State Warriors,106,Phoenix Suns,100,Box Score,,17011,2:29,Talking Stick Resort Arena,,2017
"Sun, Oct 30, 2016",7:00p,Los Angeles Lakers,96,Oklahoma City Thunder,113,Box Score,,18203,2:12,Chesapeake Energy Arena,,2017
"Sun, Oct 30, 2016",8:00p,Dallas Mavericks,92,Houston Rockets,93,Box Score,,18055,2:28,Toyota Center,,2017
"Sun, Oct 30, 2016",8:00p,Washington Wizards,103,Memphis Grizzlies,112,Box Score,OT,15573,2:37,FedEx Forum,,2017
"Mon, Oct 31, 2016",7:30p,Sacramento Kings,95,Atlanta Hawks,106,Box Score,,12501,2:25,Philips Arena,,2017
"Mon, Oct 31, 2016",7:30p,Chicago Bulls,118,Brooklyn Nets,88,Box Score,,15842,2:02,Barclays Center,,2017
"Mon, Oct 31, 2016",7:30p,Denver Nuggets,102,Toronto Raptors,105,Box Score,,19800,2:21,Air Canada Centre,,2017
"Mon, Oct 31, 2016",10:30p,Phoenix Suns,98,Los Angeles Clippers,116,Box Score,,19060,2:20,STAPLES Center,,2017
"Tue, Oct 17, 2017",8:01p,Boston Celtics,99,Cleveland Cavaliers,102,Box Score,,20562,2:28,Quicken Loans Arena,,2018
"Tue, Oct 17, 2017",10:30p,Houston Rockets,122,Golden State Warriors,121,Box Score,,19596,2:28,Oracle Arena,,2018
"Wed, Oct 18, 2017",7:00p,Charlotte Hornets,90,Detroit Pistons,102,Box Score,,20491,2:04,Little Caesars Arena,,2018
"Wed, Oct 18, 2017",7:00p,Brooklyn Nets,131,Indiana Pacers,140,Box Score,,15008,2:19,Bankers Life Fieldhouse,,2018
"Wed, Oct 18, 2017",7:00p,Miami Heat,109,Orlando Magic,116,Box Score,,18846,2:15,Amway Center,,2018
"Wed, Oct 18, 2017",7:00p,Philadelphia 76ers,115,Washington Wizards,120,Box Score,,20356,2:25,Capital One Arena,,2018
"Wed, Oct 18, 2017",7:30p,Milwaukee Bucks,108,Boston Celtics,100,Box Score,,18624,2:15,TD Garden,,2018
"Wed, Oct 18, 2017",8:00p,New Orleans Pelicans,91,Memphis Grizzlies,103,Box Score,,17794,2:22,FedEx Forum,,2018
"Wed, Oct 18, 2017",8:30p,Atlanta Hawks,117,Dallas Mavericks,111,Box Score,,19709,2:15,American Airlines Center,,2018
"Wed, Oct 18, 2017",9:00p,Denver Nuggets,96,Utah Jazz,106,Box Score,,17588,2:08,Vivint Smart Home Arena,,2018
"Wed, Oct 18, 2017",9:30p,Minnesota Timberwolves,99,San Antonio Spurs,107,Box Score,,18418,2:14,AT&T Center,,2018
"Wed, Oct 18, 2017",10:00p,Portland Trail Blazers,124,Phoenix Suns,76,Box Score,,18055,2:07,Talking Stick Resort Arena,,2018
"Wed, Oct 18, 2017",10:00p,Houston Rockets,105,Sacramento Kings,100,Box Score,,17583,2:10,Golden 1 Center,,2018
"Thu, Oct 19, 2017",7:30p,Chicago Bulls,100,Toronto Raptors,117,Box Score,,19800,2:04,Air Canada Centre,,2018
"Thu, Oct 19, 2017",8:00p,New York Knicks,84,Oklahoma City Thunder,105,Box Score,,18203,2:20,Chesapeake Energy Arena,,2018
"Thu, Oct 19, 2017",10:30p,Los Angeles Clippers,108,Los Angeles Lakers,92,Box Score,,18997,2:16,STAPLES Center,,2018
"Fri, Oct 20, 2017",7:00p,Atlanta Hawks,91,Charlotte Hornets,109,Box Score,,18417,2:11,Spectrum Center,,2018
"Fri, Oct 20, 2017",7:00p,Portland Trail Blazers,114,Indiana Pacers,96,Box Score,,15325,2:06,Bankers Life Fieldhouse,,2018
"Fri, Oct 20, 2017",7:00p,Cleveland Cavaliers,116,Milwaukee Bucks,97,Box Score,,18717,2:08,BMO Harris Bradley Center,,2018
"Fri, Oct 20, 2017",7:00p,Boston Celtics,102,Philadelphia 76ers,92,Box Score,,20816,2:17,Wells Fargo Center,,2018
"Fri, Oct 20, 2017",7:00p,Detroit Pistons,111,Washington Wizards,115,Box Score,,16337,2:38,Capital One Arena,,2018
"Fri, Oct 20, 2017",7:30p,Orlando Magic,121,Brooklyn Nets,126,Box Score,,16144,2:13,Barclays Center,,2018
"Fri, Oct 20, 2017",8:00p,Utah Jazz,97,Minnesota Timberwolves,100,Box Score,,18978,2:23,Target Center,,2018
"Fri, Oct 20, 2017",8:30p,Sacramento Kings,93,Dallas Mavericks,88,Box Score,,19273,2:06,American Airlines Center,,2018
"Fri, Oct 20, 2017",9:30p,Golden State Warriors,128,New Orleans Pelicans,120,Box Score,,18171,,Smoothie King Center,,2018
"Fri, Oct 20, 2017",10:00p,Los Angeles Lakers,132,Phoenix Suns,130,Box Score,,18055,2:32,Talking Stick Resort Arena,,2018
"Sat, Oct 21, 2017",7:30p,Philadelphia 76ers,94,Toronto Raptors,128,Box Score,,19800,2:18,Air Canada Centre,,2018
"Sat, Oct 21, 2017",8:00p,San Antonio Spurs,87,Chicago Bulls,77,Box Score,,21640,1:59,United Center,,2018
"Sat, Oct 21, 2017",8:00p,Orlando Magic,114,Cleveland Cavaliers,93,Box Score,,20562,2:07,Quicken Loans Arena,,2018
"Sat, Oct 21, 2017",8:00p,Dallas Mavericks,91,Houston Rockets,107,Box Score,,18055,2:07,Toyota Center,,2018
"Sat, Oct 21, 2017",8:00p,Golden State Warriors,101,Memphis Grizzlies,111,Box Score,,17794,2:19,FedEx Forum,,2018
"Sat, Oct 21, 2017",8:00p,Indiana Pacers,108,Miami Heat,112,Box Score,,19600,2:08,AmericanAirlines Arena,,2018
"Sat, Oct 21, 2017",8:00p,Detroit Pistons,111,New York Knicks,107,Box Score,,19812,2:14,Madison Square Garden (IV),,2018
"Sat, Oct 21, 2017",8:30p,Portland Trail Blazers,110,Milwaukee Bucks,113,Box Score,,16211,2:22,BMO Harris Bradley Center,,2018
"Sat, Oct 21, 2017",9:00p,Sacramento Kings,79,Denver Nuggets,96,Box Score,,19520,2:27,Pepsi Center,,2018
"Sat, Oct 21, 2017",9:00p,Oklahoma City Thunder,87,Utah Jazz,96,Box Score,,18300,2:06,Vivint Smart Home Arena,,2018
"Sat, Oct 21, 2017",10:30p,Phoenix Suns,88,Los Angeles Clippers,130,Box Score,,19068,2:14,STAPLES Center,,2018
"Sun, Oct 22, 2017",3:30p,Atlanta Hawks,104,Brooklyn Nets,116,Box Score,,13917,2:24,Barclays Center,,2018
"Sun, Oct 22, 2017",7:00p,Minnesota Timberwolves,115,Oklahoma City Thunder,113,Box Score,,18203,2:15,Chesapeake Energy Arena,,2018
"Sun, Oct 22, 2017",9:30p,New Orleans Pelicans,119,Los Angeles Lakers,112,Box Score,,18997,2:12,STAPLES Center,,2018
"Mon, Oct 23, 2017",7:00p,Philadelphia 76ers,97,Detroit Pistons,86,Box Score,,13709,2:14,Little Caesars Arena,,2018
"Mon, Oct 23, 2017",7:30p,Atlanta Hawks,93,Miami Heat,104,Box Score,,19600,2:13,AmericanAirlines Arena,,2018
"Mon, Oct 23, 2017",8:00p,Memphis Grizzlies,98,Houston Rockets,90,Box Score,,17129,2:23,Toyota Center,,2018
"Mon, Oct 23, 2017",8:00p,Charlotte Hornets,94,Milwaukee Bucks,103,Box Score,,12887,2:09,BMO Harris Bradley Center,,2018
"Mon, Oct 23, 2017",8:30p,Golden State Warriors,133,Dallas Mavericks,103,Box Score,,19875,2:13,American Airlines Center,,2018
"Mon, Oct 23, 2017",8:30p,Toronto Raptors,97,San Antonio Spurs,101,Box Score,,18418,2:22,AT&T Center,,2018
"Mon, Oct 23, 2017",9:00p,Washington Wizards,109,Denver Nuggets,104,Box Score,,14294,2:18,Pepsi Center,,2018
"Mon, Oct 23, 2017",10:00p,Sacramento Kings,115,Phoenix Suns,117,Box Score,,14903,2:18,Talking Stick Resort Arena,,2018
"Tue, Oct 24, 2017",7:00p,Chicago Bulls,112,Cleveland Cavaliers,119,Box Score,,20562,2:04,Quicken Loans Arena,,2018
"Tue, Oct 24, 2017",7:00p,Brooklyn Nets,121,Orlando Magic,125,Box Score,,16015,3:07,Amway Center,,2018
"Tue, Oct 24, 2017",7:30p,New York Knicks,89,Boston Celtics,110,Box Score,,18624,2:06,TD Garden,,2018
"Tue, Oct 24, 2017",8:00p,Indiana Pacers,130,Minnesota Timberwolves,107,Box Score,,14353,2:06,Target Center,,2018
"Tue, Oct 24, 2017",10:00p,New Orleans Pelicans,93,Portland Trail Blazers,103,Box Score,,19446,2:15,Moda Center,,2018
"Tue, Oct 24, 2017",10:30p,Utah Jazz,84,Los Angeles Clippers,102,Box Score,,16607,2:02,STAPLES Center,,2018
"Wed, Oct 25, 2017",7:00p,Denver Nuggets,93,Charlotte Hornets,110,Box Score,,14253,2:09,Spectrum Center,,2018
"Wed, Oct 25, 2017",7:00p,Minnesota Timberwolves,101,Detroit Pistons,122,Box Score,,13790,2:05,Little Caesars Arena,,2018
"Wed, Oct 25, 2017",7:00p,Houston Rockets,105,Philadelphia 76ers,104,Box Score,,20682,2:09,Wells Fargo Center,,2018
"Wed, Oct 25, 2017",7:30p,Cleveland Cavaliers,107,Brooklyn Nets,112,Box Score,,17732,2:27,Barclays Center,,2018
"Wed, Oct 25, 2017",8:00p,San Antonio Spurs,117,Miami Heat,100,Box Score,,19600,2:16,AmericanAirlines Arena,,2018
"Wed, Oct 25, 2017",8:00p,Indiana Pacers,96,Oklahoma City Thunder,114,Box Score,,18203,2:18,Chesapeake Energy Arena,,2018
"Wed, Oct 25, 2017",8:30p,Memphis Grizzlies,94,Dallas Mavericks,103,Box Score,,19674,2:15,American Airlines Center,,2018
"Wed, Oct 25, 2017",10:00p,Utah Jazz,88,Phoenix Suns,97,Box Score,,16022,2:09,Talking Stick Resort Arena,,2018
"Wed, Oct 25, 2017",10:30p,Toronto Raptors,112,Golden State Warriors,117,Box Score,,19596,2:14,Oracle Arena,,2018
"Wed, Oct 25, 2017",10:30p,Washington Wizards,99,Los Angeles Lakers,102,Box Score,OT,18996,2:38,STAPLES Center,,2018
"Thu, Oct 26, 2017",8:00p,Atlanta Hawks,86,Chicago Bulls,91,Box Score,,21104,2:06,United Center,,2018
"Thu, Oct 26, 2017",8:00p,Dallas Mavericks,91,Memphis Grizzlies,96,Box Score,,15839,2:16,FedEx Forum,,2018
"Thu, Oct 26, 2017",8:00p,Boston Celtics,96,Milwaukee Bucks,89,Box Score,,11046,2:13,UWâ€“Milwaukee Panther Arena,,2018
"Thu, Oct 26, 2017",10:00p,Los Angeles Clippers,104,Portland Trail Blazers,103,Box Score,,18694,2:22,Moda Center,,2018
"Thu, Oct 26, 2017",10:30p,New Orleans Pelicans,114,Sacramento Kings,106,Box Score,,17583,2:23,Golden 1 Center,,2018
"Fri, Oct 27, 2017",7:00p,Houston Rockets,109,Charlotte Hornets,93,Box Score,,17339,2:10,Spectrum Center,,2018
"Fri, Oct 27, 2017",7:00p,San Antonio Spurs,87,Orlando Magic,114,Box Score,,17337,2:03,Amway Center,,2018
"Fri, Oct 27, 2017",7:30p,Denver Nuggets,105,Atlanta Hawks,100,Box Score,,16220,2:13,Philips Arena,,2018
"Fri, Oct 27, 2017",7:30p,Brooklyn Nets,86,New York Knicks,107,Box Score,,19812,2:05,Madison Square Garden (IV),,2018
"Fri, Oct 27, 2017",8:00p,Oklahoma City Thunder,116,Minnesota Timberwolves,119,Box Score,,17620,2:25,Target Center,,2018
"Fri, Oct 27, 2017",10:30p,Washington Wizards,117,Golden State Warriors,120,Box Score,,19596,2:24,Oracle Arena,,2018
"Fri, Oct 27, 2017",10:30p,Toronto Raptors,101,Los Angeles Lakers,92,Box Score,,17876,2:14,STAPLES Center,,2018
"Sat, Oct 28, 2017",7:00p,Cleveland Cavaliers,101,New Orleans Pelicans,123,Box Score,,18539,2:09,Smoothie King Center,,2018
"Sat, Oct 28, 2017",8:00p,Oklahoma City Thunder,101,Chicago Bulls,69,Box Score,,21706,1:56,United Center,,2018
"Sat, Oct 28, 2017",8:00p,Houston Rockets,89,Memphis Grizzlies,103,Box Score,,17033,2:00,FedEx Forum,,2018
"Sat, Oct 28, 2017",8:00p,Boston Celtics,96,Miami Heat,90,Box Score,,19600,2:12,AmericanAirlines Arena,,2018
"Sat, Oct 28, 2017",8:30p,Philadelphia 76ers,112,Dallas Mavericks,110,Box Score,,19567,2:09,American Airlines Center,,2018
"Sat, Oct 28, 2017",9:00p,Los Angeles Lakers,81,Utah Jazz,96,Box Score,,18306,2:12,Vivint Smart Home Arena,,2018
"Sat, Oct 28, 2017",10:00p,Phoenix Suns,107,Portland Trail Blazers,114,Box Score,,19343,2:09,Moda Center,,2018
"Sat, Oct 28, 2017",10:30p,Detroit Pistons,95,Los Angeles Clippers,87,Box Score,,17247,2:13,STAPLES Center,,2018
"Sun, Oct 29, 2017",3:30p,Milwaukee Bucks,117,Atlanta Hawks,106,Box Score,,14014,2:08,Philips Arena,,2018
"Sun, Oct 29, 2017",4:30p,San Antonio Spurs,94,Indiana Pacers,97,Box Score,,15013,2:13,Bankers Life Fieldhouse,,2018
"Sun, Oct 29, 2017",6:00p,Denver Nuggets,124,Brooklyn Nets,111,Box Score,,14854,2:09,Barclays Center,,2018
"Sun, Oct 29, 2017",6:00p,Orlando Magic,113,Charlotte Hornets,120,Box Score,,15531,2:11,Spectrum Center,,2018
"Sun, Oct 29, 2017",6:00p,Washington Wizards,110,Sacramento Kings,83,Box Score,,17583,1:59,Golden 1 Center,,2018
"Sun, Oct 29, 2017",7:00p,New York Knicks,114,Cleveland Cavaliers,95,Box Score,,20562,2:14,Quicken Loans Arena,,2018
"Sun, Oct 29, 2017",8:30p,Detroit Pistons,115,Golden State Warriors,107,Box Score,,19596,2:09,Oracle Arena,,2018
"Mon, Oct 30, 2017",7:30p,San Antonio Spurs,94,Boston Celtics,108,Box Score,,18624,2:07,TD Garden,,2018
"Mon, Oct 30, 2017",7:30p,Minnesota Timberwolves,125,Miami Heat,122,Box Score,OT,19600,2:44,AmericanAirlines Arena,,2018
"Mon, Oct 30, 2017",7:30p,Denver Nuggets,110,New York Knicks,116,Box Score,,19812,2:20,Madison Square Garden (IV),,2018
"Mon, Oct 30, 2017",8:00p,Philadelphia 76ers,115,Houston Rockets,107,Box Score,,16714,2:21,Toyota Center,,2018
"Mon, Oct 30, 2017",8:00p,Charlotte Hornets,104,Memphis Grizzlies,99,Box Score,,15771,2:14,FedEx Forum,,2018
"Mon, Oct 30, 2017",8:00p,Orlando Magic,115,New Orleans Pelicans,99,Box Score,,14004,2:05,Smoothie King Center,,2018
"Mon, Oct 30, 2017",9:00p,Dallas Mavericks,89,Utah Jazz,104,Box Score,,16221,2:04,Vivint Smart Home Arena,,2018
"Mon, Oct 30, 2017",10:00p,Toronto Raptors,99,Portland Trail Blazers,85,Box Score,,18505,2:02,Moda Center,,2018
"Mon, Oct 30, 2017",10:30p,Golden State Warriors,141,Los Angeles Clippers,113,Box Score,,19068,2:11,STAPLES Center,,2018
"Tue, Oct 31, 2017",7:00p,Sacramento Kings,83,Indiana Pacers,101,Box Score,,12245,2:02,Bankers Life Fieldhouse,,2018
"Tue, Oct 31, 2017",7:30p,Phoenix Suns,122,Brooklyn Nets,114,Box Score,,12936,2:18,Barclays Center,,2018
"Tue, Oct 31, 2017",8:00p,Oklahoma City Thunder,110,Milwaukee Bucks,91,Box Score,,16713,2:09,BMO Harris Bradley Center,,2018
"Tue, Oct 31, 2017",10:30p,Detroit Pistons,93,Los Angeles Lakers,113,Box Score,,17569,1:53,STAPLES Center,,2018
"Tue, Oct 16, 2018",8:00p,Philadelphia 76ers,87,Boston Celtics,105,Box Score,,18624,2:19,TD Garden,,2019
"Tue, Oct 16, 2018",10:30p,Oklahoma City Thunder,100,Golden State Warriors,108,Box Score,,19596,2:24,Oracle Arena,,2019
"Wed, Oct 17, 2018",7:00p,Milwaukee Bucks,113,Charlotte Hornets,112,Box Score,,17889,2:17,Spectrum Center,,2019
"Wed, Oct 17, 2018",7:00p,Brooklyn Nets,100,Detroit Pistons,103,Box Score,,20332,2:23,Little Caesars Arena,,2019
"Wed, Oct 17, 2018",7:00p,Memphis Grizzlies,83,Indiana Pacers,111,Box Score,,17923,2:08,Bankers Life Fieldhouse,,2019
"Wed, Oct 17, 2018",7:00p,Miami Heat,101,Orlando Magic,104,Box Score,,19191,2:28,Amway Center,,2019
"Wed, Oct 17, 2018",7:30p,Atlanta Hawks,107,New York Knicks,126,Box Score,,18249,2:14,Madison Square Garden (IV),,2019
"Wed, Oct 17, 2018",7:30p,Cleveland Cavaliers,104,Toronto Raptors,116,Box Score,,19915,2:23,Scotiabank Arena,,2019
"Wed, Oct 17, 2018",8:00p,New Orleans Pelicans,131,Houston Rockets,112,Box Score,,18055,2:14,Toyota Center,,2019
"Wed, Oct 17, 2018",8:30p,Minnesota Timberwolves,108,San Antonio Spurs,112,Box Score,,18354,2:16,AT&T Center,,2019
"Wed, Oct 17, 2018",10:00p,Utah Jazz,123,Sacramento Kings,117,Box Score,,17583,2:21,Golden 1 Center,,2019
"Wed, Oct 17, 2018",10:30p,Denver Nuggets,107,Los Angeles Clippers,98,Box Score,,19068,2:29,STAPLES Center,,2019
"Wed, Oct 17, 2018",10:30p,Dallas Mavericks,100,Phoenix Suns,121,Box Score,,18055,2:14,Talking Stick Resort Arena,,2019
"Thu, Oct 18, 2018",8:00p,Chicago Bulls,108,Philadelphia 76ers,127,Box Score,,20302,2:19,Wells Fargo Center,,2019
"Thu, Oct 18, 2018",8:00p,Miami Heat,113,Washington Wizards,112,Box Score,,20409,2:36,Capital One Arena,,2019
"Thu, Oct 18, 2018",10:30p,Los Angeles Lakers,119,Portland Trail Blazers,128,Box Score,,19996,2:28,Moda Center,,2019
"Fri, Oct 19, 2018",7:00p,Charlotte Hornets,120,Orlando Magic,88,Box Score,,17668,2:04,Amway Center,,2019
"Fri, Oct 19, 2018",7:30p,New York Knicks,105,Brooklyn Nets,107,Box Score,,17732,2:17,Barclays Center,,2019
"Fri, Oct 19, 2018",8:00p,Atlanta Hawks,117,Memphis Grizzlies,131,Box Score,,17019,2:25,FedEx Forum,,2019
"Fri, Oct 19, 2018",8:00p,Cleveland Cavaliers,123,Minnesota Timberwolves,131,Box Score,,18978,2:25,Target Center,,2019
"Fri, Oct 19, 2018",8:00p,Sacramento Kings,129,New Orleans Pelicans,149,Box Score,,18337,2:12,Smoothie King Center,,2019
"Fri, Oct 19, 2018",8:00p,Boston Celtics,101,Toronto Raptors,113,Box Score,,19800,2:12,Scotiabank Arena,,2019
"Fri, Oct 19, 2018",8:30p,Indiana Pacers,101,Milwaukee Bucks,118,Box Score,,17341,2:12,Fiserv Forum,,2019
"Fri, Oct 19, 2018",10:30p,Oklahoma City Thunder,92,Los Angeles Clippers,108,Box Score,,14816,2:22,STAPLES Center,,2019
"Fri, Oct 19, 2018",10:30p,Golden State Warriors,124,Utah Jazz,123,Box Score,,18306,2:28,Vivint Smart Home Arena,,2019
"Sat, Oct 20, 2018",7:00p,Brooklyn Nets,112,Indiana Pacers,132,Box Score,,17007,2:08,Bankers Life Fieldhouse,,2019
"Sat, Oct 20, 2018",7:00p,Toronto Raptors,117,Washington Wizards,113,Box Score,,16185,2:31,Capital One Arena,,2019
"Sat, Oct 20, 2018",7:30p,Boston Celtics,103,New York Knicks,101,Box Score,,19427,2:24,Madison Square Garden (IV),,2019
"Sat, Oct 20, 2018",7:30p,Orlando Magic,115,Philadelphia 76ers,116,Box Score,,20300,2:14,Wells Fargo Center,,2019
"Sat, Oct 20, 2018",8:00p,Detroit Pistons,118,Chicago Bulls,116,Box Score,,21289,2:17,United Center,,2019
"Sat, Oct 20, 2018",8:00p,Charlotte Hornets,113,Miami Heat,112,Box Score,,19600,2:24,AmericanAirlines Arena,,2019
"Sat, Oct 20, 2018",8:30p,Minnesota Timberwolves,136,Dallas Mavericks,140,Box Score,,20205,2:32,American Airlines Center,,2019
"Sat, Oct 20, 2018",9:00p,Phoenix Suns,91,Denver Nuggets,119,Box Score,,19592,2:37,Pepsi Center,,2019
"Sat, Oct 20, 2018",10:00p,San Antonio Spurs,108,Portland Trail Blazers,121,Box Score,,19461,2:00,Moda Center,,2019
"Sat, Oct 20, 2018",10:30p,Houston Rockets,124,Los Angeles Lakers,115,Box Score,,18997,2:27,STAPLES Center,,2019
"Sun, Oct 21, 2018",6:00p,Atlanta Hawks,133,Cleveland Cavaliers,111,Box Score,,19432,2:13,Quicken Loans Arena,,2019
"Sun, Oct 21, 2018",7:00p,Sacramento Kings,131,Oklahoma City Thunder,120,Box Score,,18203,2:22,Chesapeake Energy Arena,,2019
"Sun, Oct 21, 2018",8:00p,Golden State Warriors,98,Denver Nuggets,100,Box Score,,19520,2:24,Pepsi Center,,2019
"Sun, Oct 21, 2018",9:00p,Houston Rockets,112,Los Angeles Clippers,115,Box Score,,16149,,STAPLES Center,,2019
"Mon, Oct 22, 2018",7:30p,Orlando Magic,93,Boston Celtics,90,Box Score,,18624,1:58,TD Garden,,2019
"Mon, Oct 22, 2018",7:30p,Charlotte Hornets,106,Toronto Raptors,127,Box Score,,19800,2:00,Scotiabank Arena,,2019
"Mon, Oct 22, 2018",8:00p,New York Knicks,113,Milwaukee Bucks,124,Box Score,,16228,2:06,Fiserv Forum,,2019
"Mon, Oct 22, 2018",8:00p,Indiana Pacers,91,Minnesota Timberwolves,101,Box Score,,10371,2:08,Target Center,,2019
"Mon, Oct 22, 2018",8:30p,Chicago Bulls,109,Dallas Mavericks,115,Box Score,,19291,2:16,American Airlines Center,,2019
"Mon, Oct 22, 2018",9:00p,Memphis Grizzlies,92,Utah Jazz,84,Box Score,,18306,2:24,Vivint Smart Home Arena,,2019
"Mon, Oct 22, 2018",10:00p,Washington Wizards,125,Portland Trail Blazers,124,Box Score,OT,19187,2:31,Moda Center,,2019
"Mon, Oct 22, 2018",10:30p,Phoenix Suns,103,Golden State Warriors,123,Box Score,,19596,2:05,Oracle Arena,,2019
"Mon, Oct 22, 2018",10:30p,San Antonio Spurs,143,Los Angeles Lakers,142,Box Score,OT,18997,2:38,STAPLES Center,,2019
"Tue, Oct 23, 2018",7:00p,Philadelphia 76ers,132,Detroit Pistons,133,Box Score,OT,14418,2:51,Little Caesars Arena,,2019
"Tue, Oct 23, 2018",8:00p,Los Angeles Clippers,109,New Orleans Pelicans,116,Box Score,,14625,2:21,Smoothie King Center,,2019
"Tue, Oct 23, 2018",9:00p,Sacramento Kings,112,Denver Nuggets,126,Box Score,,13214,2:04,Pepsi Center,,2019
"Wed, Oct 24, 2018",7:00p,Dallas Mavericks,104,Atlanta Hawks,111,Box Score,,16705,2:34,State Farm Arena,,2019
"Wed, Oct 24, 2018",7:00p,Brooklyn Nets,102,Cleveland Cavaliers,86,Box Score,,19432,2:04,Quicken Loans Arena,,2019
"Wed, Oct 24, 2018",7:30p,New York Knicks,87,Miami Heat,110,Box Score,,19600,2:04,AmericanAirlines Arena,,2019
"Wed, Oct 24, 2018",7:30p,Minnesota Timberwolves,105,Toronto Raptors,112,Box Score,,19800,2:08,Scotiabank Arena,,2019
"Wed, Oct 24, 2018",8:00p,Charlotte Hornets,110,Chicago Bulls,112,Box Score,,19170,2:22,United Center,,2019
"Wed, Oct 24, 2018",8:00p,Utah Jazz,100,Houston Rockets,89,Box Score,,18055,2:07,Toyota Center,,2019
"Wed, Oct 24, 2018",8:30p,Indiana Pacers,116,San Antonio Spurs,96,Box Score,,18354,1:58,AT&T Center,,2019
"Wed, Oct 24, 2018",9:30p,Philadelphia 76ers,108,Milwaukee Bucks,123,Box Score,,17341,2:27,Fiserv Forum,,2019
"Wed, Oct 24, 2018",10:00p,Los Angeles Lakers,131,Phoenix Suns,113,Box Score,,18055,2:03,Talking Stick Resort Arena,,2019
"Wed, Oct 24, 2018",10:00p,Memphis Grizzlies,92,Sacramento Kings,97,Box Score,,14198,2:14,Golden 1 Center,,2019
"Wed, Oct 24, 2018",10:30p,Washington Wizards,122,Golden State Warriors,144,Box Score,,19596,2:12,Oracle Arena,,2019
"Thu, Oct 25, 2018",7:00p,Cleveland Cavaliers,103,Detroit Pistons,110,Box Score,,15896,2:20,Little Caesars Arena,,2019
"Thu, Oct 25, 2018",7:00p,Portland Trail Blazers,128,Orlando Magic,114,Box Score,,15114,2:00,Amway Center,,2019
"Thu, Oct 25, 2018",8:00p,Boston Celtics,101,Oklahoma City Thunder,95,Box Score,,18203,2:29,Chesapeake Energy Arena,,2019
"Thu, Oct 25, 2018",10:30p,Denver Nuggets,114,Los Angeles Lakers,121,Box Score,,18997,2:21,STAPLES Center,,2019
"Fri, Oct 26, 2018",7:00p,Chicago Bulls,106,Charlotte Hornets,135,Box Score,,15220,2:04,Spectrum Center,,2019
"Fri, Oct 26, 2018",7:30p,Golden State Warriors,128,New York Knicks,100,Box Score,,19812,2:03,Madison Square Garden (IV),,2019
"Fri, Oct 26, 2018",7:30p,Dallas Mavericks,107,Toronto Raptors,116,Box Score,,19800,2:09,Scotiabank Arena,,2019
"Fri, Oct 26, 2018",8:00p,Los Angeles Clippers,133,Houston Rockets,113,Box Score,,18055,2:16,Toyota Center,,2019
"Fri, Oct 26, 2018",8:00p,Milwaukee Bucks,125,Minnesota Timberwolves,95,Box Score,,16334,1:58,Target Center,,2019
"Fri, Oct 26, 2018",8:00p,Brooklyn Nets,115,New Orleans Pelicans,117,Box Score,,15272,2:16,Smoothie King Center,,2019
"Fri, Oct 26, 2018",10:00p,Washington Wizards,112,Sacramento Kings,116,Box Score,,14101,2:25,Golden 1 Center,,2019
"Sat, Oct 27, 2018",7:00p,Boston Celtics,109,Detroit Pistons,89,Box Score,,18120,2:09,Little Caesars Arena,,2019
"Sat, Oct 27, 2018",7:00p,Utah Jazz,132,New Orleans Pelicans,111,Box Score,,16373,2:20,Smoothie King Center,,2019
"Sat, Oct 27, 2018",7:30p,Chicago Bulls,97,Atlanta Hawks,85,Box Score,,15549,2:08,State Farm Arena,,2019
"Sat, Oct 27, 2018",7:30p,Indiana Pacers,119,Cleveland Cavaliers,107,Box Score,,19432,2:09,Quicken Loans Arena,,2019
"Sat, Oct 27, 2018",7:30p,Charlotte Hornets,103,Philadelphia 76ers,105,Box Score,,20203,2:22,Wells Fargo Center,,2019
"Sat, Oct 27, 2018",8:00p,Phoenix Suns,96,Memphis Grizzlies,117,Box Score,,15926,2:03,FedEx Forum,,2019
"Sat, Oct 27, 2018",8:00p,Portland Trail Blazers,111,Miami Heat,120,Box Score,,19600,2:14,AmericanAirlines Arena,,2019
"Sat, Oct 27, 2018",8:30p,Orlando Magic,91,Milwaukee Bucks,113,Box Score,,17341,2:02,Fiserv Forum,,2019
"Sat, Oct 27, 2018",8:30p,Los Angeles Lakers,106,San Antonio Spurs,110,Box Score,,18589,2:15,AT&T Center,,2019
"Sun, Oct 28, 2018",5:00p,Golden State Warriors,120,Brooklyn Nets,114,Box Score,,17732,2:06,Barclays Center,,2019
"Sun, Oct 28, 2018",7:00p,Utah Jazz,113,Dallas Mavericks,104,Box Score,,19571,2:23,American Airlines Center,,2019
"Sun, Oct 28, 2018",7:00p,Phoenix Suns,110,Oklahoma City Thunder,117,Box Score,,18203,2:21,Chesapeake Energy Arena,,2019
"Sun, Oct 28, 2018",9:30p,Washington Wizards,104,Los Angeles Clippers,136,Box Score,,16491,2:08,STAPLES Center,,2019
"Mon, Oct 29, 2018",7:00p,Portland Trail Blazers,103,Indiana Pacers,93,Box Score,,15788,2:09,Bankers Life Fieldhouse,,2019
"Mon, Oct 29, 2018",7:00p,Atlanta Hawks,92,Philadelphia 76ers,113,Box Score,,20269,2:08,Wells Fargo Center,,2019
"Mon, Oct 29, 2018",7:30p,Sacramento Kings,123,Miami Heat,113,Box Score,,19600,2:11,AmericanAirlines Arena,,2019
"Mon, Oct 29, 2018",7:30p,Brooklyn Nets,96,New York Knicks,115,Box Score,,19221,2:11,Madison Square Garden (IV),,2019
"Mon, Oct 29, 2018",8:00p,Golden State Warriors,149,Chicago Bulls,124,Box Score,,21076,2:05,United Center,,2019
"Mon, Oct 29, 2018",8:00p,Toronto Raptors,109,Milwaukee Bucks,124,Box Score,,17341,2:07,Fiserv Forum,,2019
"Mon, Oct 29, 2018",8:00p,Los Angeles Lakers,120,Minnesota Timberwolves,124,Box Score,,18978,2:19,Target Center,,2019
"Mon, Oct 29, 2018",8:30p,Dallas Mavericks,108,San Antonio Spurs,113,Box Score,OT,18354,2:24,AT&T Center,,2019
"Mon, Oct 29, 2018",9:00p,New Orleans Pelicans,111,Denver Nuggets,116,Box Score,,15217,2:12,Pepsi Center,,2019
"Tue, Oct 30, 2018",7:00p,Miami Heat,113,Charlotte Hornets,125,Box Score,,14117,2:13,Spectrum Center,,2019
"Tue, Oct 30, 2018",7:00p,Atlanta Hawks,114,Cleveland Cavaliers,136,Box Score,,19432,2:15,Quicken Loans Arena,,2019
"Tue, Oct 30, 2018",7:00p,Sacramento Kings,107,Orlando Magic,99,Box Score,,15074,2:11,Amway Center,,2019
"Tue, Oct 30, 2018",7:30p,Detroit Pistons,105,Boston Celtics,108,Box Score,,18624,2:22,TD Garden,,2019
"Tue, Oct 30, 2018",7:30p,Philadelphia 76ers,112,Toronto Raptors,129,Box Score,,19800,2:20,Scotiabank Arena,,2019
"Tue, Oct 30, 2018",8:00p,Portland Trail Blazers,104,Houston Rockets,85,Box Score,,18055,2:03,Toyota Center,,2019
"Tue, Oct 30, 2018",8:00p,Washington Wizards,95,Memphis Grizzlies,107,Box Score,,14106,2:11,FedEx Forum,,2019
"Tue, Oct 30, 2018",8:00p,Los Angeles Clippers,110,Oklahoma City Thunder,128,Box Score,,18203,2:23,Chesapeake Energy Arena,,2019
"Wed, Oct 31, 2018",7:30p,Detroit Pistons,119,Brooklyn Nets,120,Box Score,OT,12862,2:41,Barclays Center,,2019
"Wed, Oct 31, 2018",8:00p,Denver Nuggets,108,Chicago Bulls,107,Box Score,OT,19027,2:23,United Center,,2019
"Wed, Oct 31, 2018",8:00p,Utah Jazz,125,Minnesota Timberwolves,128,Box Score,,10079,2:24,Target Center,,2019
"Wed, Oct 31, 2018",8:00p,Indiana Pacers,107,New York Knicks,101,Box Score,,18295,2:20,Madison Square Garden (IV),,2019
"Wed, Oct 31, 2018",10:30p,New Orleans Pelicans,121,Golden State Warriors,131,Box Score,,19596,2:20,Oracle Arena,,2019
"Wed, Oct 31, 2018",10:30p,Dallas Mavericks,113,Los Angeles Lakers,114,Box Score,,18997,2:20,STAPLES Center,,2019
"Wed, Oct 31, 2018",10:30p,San Antonio Spurs,120,Phoenix Suns,90,Box Score,,12328,2:08,Talking Stick Resort Arena,,2019
"Tue, Oct 22, 2019",8:00p,New Orleans Pelicans,122,Toronto Raptors,130,Box Score,OT,20787,2:50,Scotiabank Arena,,2020
"Tue, Oct 22, 2019",10:30p,Los Angeles Lakers,102,Los Angeles Clippers,112,Box Score,,19068,2:28,STAPLES Center,,2020
"Wed, Oct 23, 2019",7:00p,Chicago Bulls,125,Charlotte Hornets,126,Box Score,,15424,2:11,Spectrum Center,,2020
"Wed, Oct 23, 2019",7:00p,Detroit Pistons,119,Indiana Pacers,110,Box Score,,17923,2:22,Bankers Life Fieldhouse,,2020
"Wed, Oct 23, 2019",7:00p,Cleveland Cavaliers,85,Orlando Magic,94,Box Score,,18846,2:02,Amway Center,,2020
"Wed, Oct 23, 2019",7:30p,Minnesota Timberwolves,127,Brooklyn Nets,126,Box Score,OT,17732,2:34,Barclays Center,,2020
"Wed, Oct 23, 2019",7:30p,Memphis Grizzlies,101,Miami Heat,120,Box Score,,19600,2:28,AmericanAirlines Arena,,2020
"Wed, Oct 23, 2019",7:30p,Boston Celtics,93,Philadelphia 76ers,107,Box Score,,20422,2:38,Wells Fargo Center,,2020
"Wed, Oct 23, 2019",8:30p,Washington Wizards,100,Dallas Mavericks,108,Box Score,,19816,2:24,American Airlines Center,,2020
"Wed, Oct 23, 2019",8:30p,New York Knicks,111,San Antonio Spurs,120,Box Score,,18354,2:14,AT&T Center,,2020
"Wed, Oct 23, 2019",9:00p,Oklahoma City Thunder,95,Utah Jazz,100,Box Score,,18306,2:24,Vivint Smart Home Arena,,2020
"Wed, Oct 23, 2019",10:00p,Sacramento Kings,95,Phoenix Suns,124,Box Score,,18055,2:19,Talking Stick Resort Arena,,2020
"Wed, Oct 23, 2019",10:00p,Denver Nuggets,108,Portland Trail Blazers,100,Box Score,,19991,2:24,Moda Center,,2020
"Thu, Oct 24, 2019",7:00p,Atlanta Hawks,117,Detroit Pistons,100,Box Score,,20338,2:15,Little Caesars Arena,,2020
"Thu, Oct 24, 2019",8:00p,Milwaukee Bucks,117,Houston Rockets,111,Box Score,,18055,2:25,Toyota Center,,2020
"Thu, Oct 24, 2019",10:30p,Los Angeles Clippers,141,Golden State Warriors,122,Box Score,,18064,2:24,Chase Center,,2020
"Fri, Oct 25, 2019",7:00p,Toronto Raptors,106,Boston Celtics,112,Box Score,,18624,2:18,TD Garden,,2020
"Fri, Oct 25, 2019",7:00p,Minnesota Timberwolves,121,Charlotte Hornets,99,Box Score,,14879,2:15,Spectrum Center,,2020
"Fri, Oct 25, 2019",7:30p,New York Knicks,109,Brooklyn Nets,113,Box Score,,17732,2:33,Barclays Center,,2020
"Fri, Oct 25, 2019",8:00p,Chicago Bulls,110,Memphis Grizzlies,102,Box Score,,17794,2:12,FedEx Forum,,2020
"Fri, Oct 25, 2019",8:00p,Dallas Mavericks,123,New Orleans Pelicans,116,Box Score,,17027,2:23,Smoothie King Center,,2020
"Fri, Oct 25, 2019",8:00p,Washington Wizards,97,Oklahoma City Thunder,85,Box Score,,18203,2:04,Chesapeake Energy Arena,,2020
"Fri, Oct 25, 2019",9:00p,Phoenix Suns,107,Denver Nuggets,108,Box Score,OT,19557,2:45,Pepsi Center,,2020
"Fri, Oct 25, 2019",10:00p,Portland Trail Blazers,122,Sacramento Kings,112,Box Score,,17583,2:16,Golden 1 Center,,2020
"Fri, Oct 25, 2019",10:30p,Utah Jazz,86,Los Angeles Lakers,95,Box Score,,18997,2:21,STAPLES Center,,2020
"Sat, Oct 26, 2019",5:00p,Miami Heat,131,Milwaukee Bucks,126,Box Score,OT,17467,2:53,Fiserv Forum,,2020
"Sat, Oct 26, 2019",7:00p,Philadelphia 76ers,117,Detroit Pistons,111,Box Score,,16207,2:25,Little Caesars Arena,,2020
"Sat, Oct 26, 2019",7:30p,Orlando Magic,99,Atlanta Hawks,103,Box Score,,17078,2:18,State Farm Arena,,2020
"Sat, Oct 26, 2019",7:30p,Boston Celtics,118,New York Knicks,95,Box Score,,19812,2:15,Madison Square Garden (IV),,2020
"Sat, Oct 26, 2019",8:00p,Toronto Raptors,108,Chicago Bulls,84,Box Score,,21498,2:11,United Center,,2020
"Sat, Oct 26, 2019",8:00p,Indiana Pacers,99,Cleveland Cavaliers,110,Box Score,,19432,2:20,Rocket Mortgage Fieldhouse,,2020
"Sat, Oct 26, 2019",8:00p,New Orleans Pelicans,123,Houston Rockets,126,Box Score,,18055,2:23,Toyota Center,,2020
"Sat, Oct 26, 2019",8:30p,Washington Wizards,122,San Antonio Spurs,124,Box Score,,18354,2:09,AT&T Center,,2020
"Sat, Oct 26, 2019",9:00p,Sacramento Kings,81,Utah Jazz,113,Box Score,,18306,2:03,Vivint Smart Home Arena,,2020
"Sat, Oct 26, 2019",10:00p,Los Angeles Clippers,122,Phoenix Suns,130,Box Score,,15802,2:39,Talking Stick Resort Arena,,2020
"Sun, Oct 27, 2019",3:30p,Golden State Warriors,92,Oklahoma City Thunder,120,Box Score,,18203,2:11,Chesapeake Energy Arena,,2020
"Sun, Oct 27, 2019",6:00p,Brooklyn Nets,133,Memphis Grizzlies,134,Box Score,OT,15517,2:41,FedEx Forum,,2020
"Sun, Oct 27, 2019",7:00p,Portland Trail Blazers,121,Dallas Mavericks,119,Box Score,,19707,2:25,American Airlines Center,,2020
"Sun, Oct 27, 2019",7:00p,Miami Heat,109,Minnesota Timberwolves,116,Box Score,,17049,2:16,Target Center,,2020
"Sun, Oct 27, 2019",9:30p,Charlotte Hornets,101,Los Angeles Lakers,120,Box Score,,18997,2:16,STAPLES Center,,2020
"Mon, Oct 28, 2019",7:00p,Chicago Bulls,98,New York Knicks,105,Box Score,,19812,2:17,Madison Square Garden (IV),,2020
"Mon, Oct 28, 2019",7:00p,Indiana Pacers,94,Detroit Pistons,96,Box Score,,13565,2:10,Little Caesars Arena,,2020
"Mon, Oct 28, 2019",7:30p,Orlando Magic,95,Toronto Raptors,104,Box Score,,19800,2:16,Scotiabank Arena,,2020
"Mon, Oct 28, 2019",7:30p,Philadelphia 76ers,105,Atlanta Hawks,103,Box Score,,14094,2:35,State Farm Arena,,2020
"Mon, Oct 28, 2019",8:00p,Oklahoma City Thunder,112,Houston Rockets,116,Box Score,,18055,2:23,Toyota Center,,2020
"Mon, Oct 28, 2019",8:00p,Cleveland Cavaliers,112,Milwaukee Bucks,129,Box Score,,17385,2:05,Fiserv Forum,,2020
"Mon, Oct 28, 2019",8:00p,Golden State Warriors,134,New Orleans Pelicans,123,Box Score,,17307,2:13,Smoothie King Center,,2020
"Mon, Oct 28, 2019",8:30p,Portland Trail Blazers,110,San Antonio Spurs,113,Box Score,,18083,2:19,AT&T Center,,2020
"Mon, Oct 28, 2019",10:00p,Utah Jazz,96,Phoenix Suns,95,Box Score,,14805,2:30,Talking Stick Resort Arena,,2020
"Mon, Oct 28, 2019",10:00p,Denver Nuggets,101,Sacramento Kings,94,Box Score,,15870,2:16,Golden 1 Center,,2020
"Mon, Oct 28, 2019",10:30p,Charlotte Hornets,96,Los Angeles Clippers,111,Box Score,,19068,2:11,STAPLES Center,,2020
"Tue, Oct 29, 2019",7:30p,Atlanta Hawks,97,Miami Heat,112,Box Score,,19600,2:22,AmericanAirlines Arena,,2020
"Tue, Oct 29, 2019",9:00p,Dallas Mavericks,109,Denver Nuggets,106,Box Score,,16605,2:14,Pepsi Center,,2020
"Tue, Oct 29, 2019",10:30p,Memphis Grizzlies,91,Los Angeles Lakers,120,Box Score,,18997,2:20,STAPLES Center,,2020
"Wed, Oct 30, 2019",7:00p,Chicago Bulls,111,Cleveland Cavaliers,117,Box Score,,17595,2:20,Rocket Mortgage Fieldhouse,,2020
"Wed, Oct 30, 2019",7:00p,New York Knicks,83,Orlando Magic,95,Box Score,,17456,2:04,Amway Center,,2020
"Wed, Oct 30, 2019",7:00p,Minnesota Timberwolves,95,Philadelphia 76ers,117,Box Score,,20204,2:22,Wells Fargo Center,,2020
"Wed, Oct 30, 2019",7:30p,Milwaukee Bucks,105,Boston Celtics,116,Box Score,,18624,2:24,TD Garden,,2020
"Wed, Oct 30, 2019",7:30p,Indiana Pacers,118,Brooklyn Nets,108,Box Score,,17083,2:16,Barclays Center,,2020
"Wed, Oct 30, 2019",7:30p,Detroit Pistons,113,Toronto Raptors,125,Box Score,,19800,2:07,Scotiabank Arena,,2020
"Wed, Oct 30, 2019",8:00p,Portland Trail Blazers,102,Oklahoma City Thunder,99,Box Score,,18203,2:17,Chesapeake Energy Arena,,2020
"Wed, Oct 30, 2019",8:00p,Houston Rockets,159,Washington Wizards,158,Box Score,,20476,2:23,Capital One Arena,,2020
"Wed, Oct 30, 2019",10:00p,Charlotte Hornets,118,Sacramento Kings,111,Box Score,,15416,2:03,Golden 1 Center,,2020
"Wed, Oct 30, 2019",10:00p,Los Angeles Clippers,96,Utah Jazz,110,Box Score,,18306,2:16,Vivint Smart Home Arena,,2020
"Wed, Oct 30, 2019",10:30p,Phoenix Suns,121,Golden State Warriors,110,Box Score,,18064,2:17,Chase Center,,2020
"Thu, Oct 31, 2019",7:00p,Miami Heat,106,Atlanta Hawks,97,Box Score,,16539,2:17,State Farm Arena,,2020
"Thu, Oct 31, 2019",9:30p,Denver Nuggets,107,New Orleans Pelicans,122,Box Score,,16613,2:20,Smoothie King Center,,2020
"Thu, Oct 31, 2019",10:30p,San Antonio Spurs,97,Los Angeles Clippers,103,Box Score,,19068,2:17,STAPLES Center,,2020
"Tue, Dec 22, 2020",7:00p,Golden State Warriors,99,Brooklyn Nets,125,Box Score,,0,2:14,Barclays Center,,2021
"Tue, Dec 22, 2020",10:00p,Los Angeles Clippers,116,Los Angeles Lakers,109,Box Score,,0,2:28,STAPLES Center,,2021
"Wed, Dec 23, 2020",7:00p,Charlotte Hornets,114,Cleveland Cavaliers,121,Box Score,,300,2:11,Rocket Mortgage Fieldhouse,,2021
"Wed, Dec 23, 2020",7:00p,New York Knicks,107,Indiana Pacers,121,Box Score,,0,2:12,Bankers Life Fieldhouse,,2021
"Wed, Dec 23, 2020",7:00p,Miami Heat,107,Orlando Magic,113,Box Score,,3396,2:11,Amway Center,,2021
"Wed, Dec 23, 2020",7:00p,Washington Wizards,107,Philadelphia 76ers,113,Box Score,,0,2:25,Wells Fargo Center,,2021
"Wed, Dec 23, 2020",7:30p,New Orleans Pelicans,113,Toronto Raptors,99,Box Score,,3800,2:09,Amalie Arena,,2021
"Wed, Dec 23, 2020",7:30p,Milwaukee Bucks,121,Boston Celtics,122,Box Score,,0,2:20,TD Garden,,2021
"Wed, Dec 23, 2020",8:00p,Atlanta Hawks,124,Chicago Bulls,104,Box Score,,0,2:13,United Center,,2021
"Wed, Dec 23, 2020",8:00p,San Antonio Spurs,131,Memphis Grizzlies,119,Box Score,,0,2:08,FedEx Forum,,2021
"Wed, Dec 23, 2020",8:00p,Detroit Pistons,101,Minnesota Timberwolves,111,Box Score,,0,2:09,Target Center,,2021
"Wed, Dec 23, 2020",9:00p,Sacramento Kings,124,Denver Nuggets,122,Box Score,OT,0,2:36,Ball Arena,,2021
"Wed, Dec 23, 2020",10:00p,Utah Jazz,120,Portland Trail Blazers,100,Box Score,,0,2:03,Moda Center,,2021
"Wed, Dec 23, 2020",10:30p,Dallas Mavericks,102,Phoenix Suns,106,Box Score,,0,2:25,Phoenix Suns Arena,,2021
"Fri, Dec 25, 2020",12:00p,New Orleans Pelicans,98,Miami Heat,111,Box Score,,0,2:28,AmericanAirlines Arena,,2021
"Fri, Dec 25, 2020",2:30p,Golden State Warriors,99,Milwaukee Bucks,138,Box Score,,0,2:17,Fiserv Forum,,2021
"Fri, Dec 25, 2020",5:00p,Brooklyn Nets,123,Boston Celtics,95,Box Score,,0,2:19,TD Garden,,2021
"Fri, Dec 25, 2020",8:00p,Dallas Mavericks,115,Los Angeles Lakers,138,Box Score,,0,2:26,STAPLES Center,,2021
"Fri, Dec 25, 2020",10:30p,Los Angeles Clippers,121,Denver Nuggets,108,Box Score,,0,2:30,Ball Arena,,2021
"Sat, Dec 26, 2020",5:00p,Atlanta Hawks,122,Memphis Grizzlies,112,Box Score,,0,2:17,FedEx Forum,,2021
"Sat, Dec 26, 2020",7:00p,Oklahoma City Thunder,109,Charlotte Hornets,107,Box Score,,0,2:22,Spectrum Center,,2021
"Sat, Dec 26, 2020",7:00p,Cleveland Cavaliers,128,Detroit Pistons,119,Box Score,2OT,0,2:49,Little Caesars Arena,,2021
"Sat, Dec 26, 2020",7:00p,Orlando Magic,130,Washington Wizards,120,Box Score,,0,2:15,Capital One Arena,,2021
"Sat, Dec 26, 2020",7:30p,Philadelphia 76ers,109,New York Knicks,89,Box Score,,0,2:14,Madison Square Garden (IV),,2021
"Sat, Dec 26, 2020",8:00p,Indiana Pacers,125,Chicago Bulls,106,Box Score,,0,2:09,United Center,,2021
"Sat, Dec 26, 2020",8:30p,Toronto Raptors,114,San Antonio Spurs,119,Box Score,,0,2:11,AT&T Center,,2021
"Sat, Dec 26, 2020",9:00p,Minnesota Timberwolves,116,Utah Jazz,111,Box Score,,1932,2:28,Vivint Smart Home Arena,,2021
"Sat, Dec 26, 2020",10:00p,Houston Rockets,126,Portland Trail Blazers,128,Box Score,OT,0,2:37,Moda Center,,2021
"Sat, Dec 26, 2020",10:00p,Phoenix Suns,103,Sacramento Kings,106,Box Score,,0,2:13,Golden 1 Center,,2021
"Sun, Dec 27, 2020",3:30p,Dallas Mavericks,124,Los Angeles Clippers,73,Box Score,,0,2:04,STAPLES Center,,2021
"Sun, Dec 27, 2020",7:00p,San Antonio Spurs,95,New Orleans Pelicans,98,Box Score,,750,2:10,Smoothie King Center,,2021
"Sun, Dec 27, 2020",7:00p,Orlando Magic,120,Washington Wizards,113,Box Score,,0,2:11,Capital One Arena,,2021
"Sun, Dec 27, 2020",7:00p,Brooklyn Nets,104,Charlotte Hornets,106,Box Score,,0,2:11,Spectrum Center,,2021
"Sun, Dec 27, 2020",7:30p,Philadelphia 76ers,94,Cleveland Cavaliers,118,Box Score,,300,2:09,Rocket Mortgage Fieldhouse,,2021
"Sun, Dec 27, 2020",7:30p,Milwaukee Bucks,110,New York Knicks,130,Box Score,,0,2:19,Madison Square Garden (IV),,2021
"Sun, Dec 27, 2020",8:00p,Boston Celtics,107,Indiana Pacers,108,Box Score,,0,2:10,Bankers Life Fieldhouse,,2021
"Sun, Dec 27, 2020",8:00p,Golden State Warriors,129,Chicago Bulls,128,Box Score,,0,2:22,United Center,,2021
"Sun, Dec 27, 2020",9:00p,Phoenix Suns,116,Sacramento Kings,100,Box Score,,0,2:04,Golden 1 Center,,2021
"Sun, Dec 27, 2020",10:00p,Minnesota Timberwolves,91,Los Angeles Lakers,127,Box Score,,0,2:10,STAPLES Center,,2021
"Mon, Dec 28, 2020",7:30p,Memphis Grizzlies,116,Brooklyn Nets,111,Box Score,OT,0,2:23,Barclays Center,,2021
"Mon, Dec 28, 2020",7:30p,Detroit Pistons,120,Atlanta Hawks,128,Box Score,,0,2:16,State Farm Arena,,2021
"Mon, Dec 28, 2020",8:00p,Utah Jazz,110,Oklahoma City Thunder,109,Box Score,,0,2:03,Chesapeake Energy Arena,,2021
"Mon, Dec 28, 2020",9:00p,Houston Rockets,111,Denver Nuggets,124,Box Score,,0,2:16,Ball Arena,,2021
"Mon, Dec 28, 2020",10:00p,Portland Trail Blazers,115,Los Angeles Lakers,107,Box Score,,0,2:14,STAPLES Center,,2021
"Tue, Dec 29, 2020",7:00p,New York Knicks,95,Cleveland Cavaliers,86,Box Score,,300,2:04,Rocket Mortgage Fieldhouse,,2021
"Tue, Dec 29, 2020",7:00p,Golden State Warriors,116,Detroit Pistons,106,Box Score,,0,2:31,Little Caesars Arena,,2021
"Tue, Dec 29, 2020",7:00p,Boston Celtics,116,Indiana Pacers,111,Box Score,,0,2:12,Bankers Life Fieldhouse,,2021
"Tue, Dec 29, 2020",7:00p,Chicago Bulls,115,Washington Wizards,107,Box Score,,0,2:23,Capital One Arena,,2021
"Tue, Dec 29, 2020",7:00p,Toronto Raptors,93,Philadelphia 76ers,100,Box Score,,0,2:27,Wells Fargo Center,,2021
"Tue, Dec 29, 2020",7:30p,Milwaukee Bucks,144,Miami Heat,97,Box Score,,0,2:09,AmericanAirlines Arena,,2021
"Tue, Dec 29, 2020",8:00p,Orlando Magic,118,Oklahoma City Thunder,107,Box Score,,0,2:05,Chesapeake Energy Arena,,2021
"Tue, Dec 29, 2020",10:00p,New Orleans Pelicans,86,Phoenix Suns,111,Box Score,,0,2:09,Phoenix Suns Arena,,2021
"Tue, Dec 29, 2020",10:00p,Denver Nuggets,115,Sacramento Kings,125,Box Score,,0,2:14,Golden 1 Center,,2021
"Tue, Dec 29, 2020",10:00p,Minnesota Timberwolves,101,Los Angeles Clippers,124,Box Score,,0,2:08,STAPLES Center,,2021
"Wed, Dec 30, 2020",7:30p,Milwaukee Bucks,108,Miami Heat,119,Box Score,,0,2:11,AmericanAirlines Arena,,2021
"Wed, Dec 30, 2020",7:30p,Atlanta Hawks,141,Brooklyn Nets,145,Box Score,,0,2:09,Barclays Center,,2021
"Wed, Dec 30, 2020",7:30p,Memphis Grizzlies,107,Boston Celtics,126,Box Score,,0,2:03,TD Garden,,2021
"Wed, Dec 30, 2020",8:30p,Charlotte Hornets,118,Dallas Mavericks,99,Box Score,,0,2:20,American Airlines Center,,2021
"Wed, Dec 30, 2020",8:30p,Los Angeles Lakers,121,San Antonio Spurs,107,Box Score,,0,2:07,AT&T Center,,2021
"Wed, Dec 30, 2020",10:00p,Portland Trail Blazers,105,Los Angeles Clippers,128,Box Score,,0,2:06,STAPLES Center,,2021
"Thu, Dec 31, 2020",3:00p,Cleveland Cavaliers,99,Indiana Pacers,119,Box Score,,0,2:16,Bankers Life Fieldhouse,,2021
"Thu, Dec 31, 2020",5:00p,Chicago Bulls,133,Washington Wizards,130,Box Score,,0,2:27,Capital One Arena,,2021
"Thu, Dec 31, 2020",6:30p,Philadelphia 76ers,116,Orlando Magic,92,Box Score,,3247,2:02,Amway Center,,2021
"Thu, Dec 31, 2020",7:00p,Sacramento Kings,119,Houston Rockets,122,Box Score,,3247,2:23,Toyota Center,,2021
"Thu, Dec 31, 2020",7:30p,New York Knicks,83,Toronto Raptors,100,Box Score,,3449,2:09,Amalie Arena,,2021
"Thu, Dec 31, 2020",8:00p,New Orleans Pelicans,113,Oklahoma City Thunder,80,Box Score,,0,2:04,Chesapeake Energy Arena,,2021
"Thu, Dec 31, 2020",9:00p,Phoenix Suns,106,Utah Jazz,95,Box Score,,1932,2:07,Vivint Smart Home Arena,,2021
"Tue, Oct 19, 2021",7:30p,Brooklyn Nets,104,Milwaukee Bucks,127,Box Score,,17341,2:20,Fiserv Forum,,2022
"Tue, Oct 19, 2021",10:00p,Golden State Warriors,121,Los Angeles Lakers,114,Box Score,,18997,2:33,Crypto.com Arena,,2022
"Wed, Oct 20, 2021",7:00p,Indiana Pacers,122,Charlotte Hornets,123,Box Score,,15521,2:20,Spectrum Center,,2022
"Wed, Oct 20, 2021",7:00p,Chicago Bulls,94,Detroit Pistons,88,Box Score,,20088,2:09,Little Caesars Arena,,2022
"Wed, Oct 20, 2021",7:30p,Boston Celtics,134,New York Knicks,138,Box Score,2OT,19812,2:54,Madison Square Garden (IV),,2022
"Wed, Oct 20, 2021",7:30p,Washington Wizards,98,Toronto Raptors,83,Box Score,,19800,2:15,Scotiabank Arena,,2022
"Wed, Oct 20, 2021",8:00p,Cleveland Cavaliers,121,Memphis Grizzlies,132,Box Score,,15975,2:07,FedEx Forum,,2022
"Wed, Oct 20, 2021",8:00p,Houston Rockets,106,Minnesota Timberwolves,124,Box Score,,16079,2:12,Target Center,,2022
"Wed, Oct 20, 2021",8:00p,Philadelphia 76ers,117,New Orleans Pelicans,97,Box Score,,12845,2:04,Smoothie King Center,,2022
"Wed, Oct 20, 2021",8:30p,Orlando Magic,97,San Antonio Spurs,123,Box Score,,16697,2:13,AT&T Center,,2022
"Wed, Oct 20, 2021",9:00p,Oklahoma City Thunder,86,Utah Jazz,107,Box Score,,18306,2:04,Vivint Smart Home Arena,,2022
"Wed, Oct 20, 2021",10:00p,Sacramento Kings,124,Portland Trail Blazers,121,Box Score,,17467,2:18,Moda Center,,2022
"Wed, Oct 20, 2021",10:00p,Denver Nuggets,110,Phoenix Suns,98,Box Score,,16074,2:09,Phoenix Suns Arena,,2022
"Thu, Oct 21, 2021",7:30p,Dallas Mavericks,87,Atlanta Hawks,113,Box Score,,17162,2:08,State Farm Arena,,2022
"Thu, Oct 21, 2021",8:00p,Milwaukee Bucks,95,Miami Heat,137,Box Score,,19600,2:21,FTX Arena,,2022
"Thu, Oct 21, 2021",10:00p,Los Angeles Clippers,113,Golden State Warriors,115,Box Score,,18064,2:28,Chase Center,,2022
"Fri, Oct 22, 2021",7:00p,New York Knicks,121,Orlando Magic,96,Box Score,,18846,2:06,Amway Center,,2022
"Fri, Oct 22, 2021",7:00p,Indiana Pacers,134,Washington Wizards,135,Box Score,OT,15407,2:32,Capital One Arena,,2022
"Fri, Oct 22, 2021",7:00p,Charlotte Hornets,123,Cleveland Cavaliers,112,Box Score,,17116,2:05,Rocket Mortgage Fieldhouse,,2022
"Fri, Oct 22, 2021",7:30p,Toronto Raptors,115,Boston Celtics,83,Box Score,,19156,2:05,TD Garden,,2022
"Fri, Oct 22, 2021",7:30p,Brooklyn Nets,114,Philadelphia 76ers,109,Box Score,,20367,2:21,Wells Fargo Center,,2022
"Fri, Oct 22, 2021",8:00p,Oklahoma City Thunder,91,Houston Rockets,124,Box Score,,15674,2:02,Toyota Center,,2022
"Fri, Oct 22, 2021",8:00p,New Orleans Pelicans,112,Chicago Bulls,128,Box Score,,20995,2:04,United Center,,2022
"Fri, Oct 22, 2021",9:00p,San Antonio Spurs,96,Denver Nuggets,102,Box Score,,19520,2:07,Ball Arena,,2022
"Fri, Oct 22, 2021",10:00p,Phoenix Suns,115,Los Angeles Lakers,105,Box Score,,18997,2:25,Crypto.com Arena,,2022
"Fri, Oct 22, 2021",10:00p,Utah Jazz,110,Sacramento Kings,101,Box Score,,17583,2:18,Golden 1 Center,,2022
"Sat, Oct 23, 2021",6:00p,Atlanta Hawks,95,Cleveland Cavaliers,101,Box Score,,16846,2:14,Rocket Mortgage Fieldhouse,,2022
"Sat, Oct 23, 2021",7:00p,Miami Heat,91,Indiana Pacers,102,Box Score,OT,17147,2:32,Gainbridge Fieldhouse,,2022
"Sat, Oct 23, 2021",7:30p,Dallas Mavericks,103,Toronto Raptors,95,Box Score,,19800,2:13,Scotiabank Arena,,2022
"Sat, Oct 23, 2021",8:00p,Detroit Pistons,82,Chicago Bulls,97,Box Score,,18888,2:11,United Center,,2022
"Sat, Oct 23, 2021",8:00p,New Orleans Pelicans,89,Minnesota Timberwolves,96,Box Score,,15343,2:20,Target Center,,2022
"Sat, Oct 23, 2021",8:30p,Milwaukee Bucks,121,San Antonio Spurs,111,Box Score,,14353,2:09,AT&T Center,,2022
"Sat, Oct 23, 2021",10:00p,Phoenix Suns,105,Portland Trail Blazers,134,Box Score,,18558,1:59,Moda Center,,2022
"Sat, Oct 23, 2021",10:30p,Memphis Grizzlies,120,Los Angeles Clippers,114,Box Score,,16748,2:13,Crypto.com Arena,,2022
"Sun, Oct 24, 2021",4:00p,Charlotte Hornets,111,Brooklyn Nets,95,Box Score,,17732,2:02,Barclays Center,,2022
"Sun, Oct 24, 2021",7:00p,Boston Celtics,107,Houston Rockets,97,Box Score,,16069,2:14,Toyota Center,,2022
"Sun, Oct 24, 2021",7:00p,Orlando Magic,110,New York Knicks,104,Box Score,,16273,2:23,Madison Square Garden (IV),,2022
"Sun, Oct 24, 2021",7:00p,Philadelphia 76ers,115,Oklahoma City Thunder,103,Box Score,,14256,2:06,Paycom Center,,2022
"Sun, Oct 24, 2021",9:00p,Golden State Warriors,119,Sacramento Kings,107,Box Score,,13876,2:17,Golden 1 Center,,2022
"Sun, Oct 24, 2021",9:30p,Memphis Grizzlies,118,Los Angeles Lakers,121,Box Score,,18997,2:24,Crypto.com Arena,,2022
"Mon, Oct 25, 2021",7:00p,Boston Celtics,140,Charlotte Hornets,129,Box Score,OT,17238,2:29,Spectrum Center,,2022
"Mon, Oct 25, 2021",7:00p,Milwaukee Bucks,119,Indiana Pacers,109,Box Score,,10339,2:23,Gainbridge Fieldhouse,,2022
"Mon, Oct 25, 2021",7:30p,Chicago Bulls,111,Toronto Raptors,108,Box Score,,19800,2:16,Scotiabank Arena,,2022
"Mon, Oct 25, 2021",7:30p,Orlando Magic,90,Miami Heat,107,Box Score,,19600,2:12,FTX Arena,,2022
"Mon, Oct 25, 2021",7:30p,Washington Wizards,90,Brooklyn Nets,104,Box Score,,14487,2:06,Barclays Center,,2022
"Mon, Oct 25, 2021",7:30p,Detroit Pistons,104,Atlanta Hawks,122,Box Score,,14209,2:04,State Farm Arena,,2022
"Mon, Oct 25, 2021",8:00p,New Orleans Pelicans,107,Minnesota Timberwolves,98,Box Score,,14435,2:14,Target Center,,2022
"Mon, Oct 25, 2021",9:00p,Cleveland Cavaliers,99,Denver Nuggets,87,Box Score,,14221,2:06,Ball Arena,,2022
"Mon, Oct 25, 2021",10:30p,Portland Trail Blazers,86,Los Angeles Clippers,116,Box Score,,15672,2:10,Crypto.com Arena,,2022
"Tue, Oct 26, 2021",7:30p,Philadelphia 76ers,99,New York Knicks,112,Box Score,,15218,2:16,Madison Square Garden (IV),,2022
"Tue, Oct 26, 2021",8:00p,Golden State Warriors,106,Oklahoma City Thunder,98,Box Score,,0,2:11,Paycom Center,,2022
"Tue, Oct 26, 2021",8:30p,Los Angeles Lakers,125,San Antonio Spurs,121,Box Score,OT,18354,2:26,AT&T Center,,2022
"Tue, Oct 26, 2021",8:30p,Houston Rockets,106,Dallas Mavericks,116,Box Score,,19337,2:11,American Airlines Center,,2022
"Tue, Oct 26, 2021",10:00p,Denver Nuggets,110,Utah Jazz,122,Box Score,,18306,2:28,Vivint Smart Home Arena,,2022
"Wed, Oct 27, 2021",7:00p,Charlotte Hornets,120,Orlando Magic,111,Box Score,,14082,2:11,Amway Center,,2022
"Wed, Oct 27, 2021",7:30p,Washington Wizards,116,Boston Celtics,107,Box Score,,19156,2:18,TD Garden,,2022
"Wed, Oct 27, 2021",7:30p,Miami Heat,106,Brooklyn Nets,93,Box Score,,17732,2:13,Barclays Center,,2022
"Wed, Oct 27, 2021",7:30p,Indiana Pacers,100,Toronto Raptors,118,Box Score,,19800,2:14,Scotiabank Arena,,2022
"Wed, Oct 27, 2021",7:30p,Atlanta Hawks,102,New Orleans Pelicans,99,Box Score,,15541,2:16,Smoothie King Center,,2022
"Wed, Oct 27, 2021",8:00p,Minnesota Timberwolves,113,Milwaukee Bucks,108,Box Score,,17341,2:14,Fiserv Forum,,2022
"Wed, Oct 27, 2021",8:00p,Los Angeles Lakers,115,Oklahoma City Thunder,123,Box Score,,15783,2:25,Paycom Center,,2022
"Wed, Oct 27, 2021",10:00p,Sacramento Kings,110,Phoenix Suns,107,Box Score,,14678,2:09,Phoenix Suns Arena,,2022
"Wed, Oct 27, 2021",10:00p,Memphis Grizzlies,96,Portland Trail Blazers,116,Box Score,,16241,2:19,Moda Center,,2022
"Wed, Oct 27, 2021",10:30p,Cleveland Cavaliers,92,Los Angeles Clippers,79,Box Score,,13276,2:05,Crypto.com Arena,,2022
"Thu, Oct 28, 2021",7:00p,Atlanta Hawks,111,Washington Wizards,122,Box Score,,13653,2:16,Capital One Arena,,2022
"Thu, Oct 28, 2021",7:00p,Detroit Pistons,102,Philadelphia 76ers,110,Box Score,,20017,2:22,Wells Fargo Center,,2022
"Thu, Oct 28, 2021",8:00p,Utah Jazz,122,Houston Rockets,91,Box Score,,15858,2:14,Toyota Center,,2022
"Thu, Oct 28, 2021",8:00p,New York Knicks,104,Chicago Bulls,103,Box Score,,20972,2:20,United Center,,2022
"Thu, Oct 28, 2021",8:30p,San Antonio Spurs,99,Dallas Mavericks,104,Box Score,,19228,2:07,American Airlines Center,,2022
"Thu, Oct 28, 2021",10:00p,Memphis Grizzlies,104,Golden State Warriors,101,Box Score,OT,18064,2:23,Chase Center,,2022
"Fri, Oct 29, 2021",7:00p,Orlando Magic,109,Toronto Raptors,110,Box Score,,19800,2:16,Scotiabank Arena,,2022
"Fri, Oct 29, 2021",7:30p,Charlotte Hornets,99,Miami Heat,114,Box Score,,19600,2:18,FTX Arena,,2022
"Fri, Oct 29, 2021",7:30p,Indiana Pacers,98,Brooklyn Nets,105,Box Score,,16139,2:25,Barclays Center,,2022
"Fri, Oct 29, 2021",8:00p,Sacramento Kings,113,New Orleans Pelicans,109,Box Score,,17507,2:16,Smoothie King Center,,2022
"Fri, Oct 29, 2021",10:00p,Dallas Mavericks,75,Denver Nuggets,106,Box Score,,18315,2:17,Ball Arena,,2022
"Fri, Oct 29, 2021",10:00p,Los Angeles Clippers,92,Portland Trail Blazers,111,Box Score,,16510,2:07,Moda Center,,2022
"Fri, Oct 29, 2021",10:30p,Cleveland Cavaliers,101,Los Angeles Lakers,113,Box Score,,18997,2:09,Crypto.com Arena,,2022
"Sat, Oct 30, 2021",5:00p,Boston Celtics,112,Washington Wizards,115,Box Score,2OT,15813,2:58,Capital One Arena,,2022
"Sat, Oct 30, 2021",7:00p,Orlando Magic,103,Detroit Pistons,110,Box Score,,11423,2:12,Little Caesars Arena,,2022
"Sat, Oct 30, 2021",7:00p,New York Knicks,123,New Orleans Pelicans,117,Box Score,,16508,2:16,Smoothie King Center,,2022
"Sat, Oct 30, 2021",7:30p,Toronto Raptors,97,Indiana Pacers,94,Box Score,,10578,2:07,Gainbridge Fieldhouse,,2022
"Sat, Oct 30, 2021",7:30p,Atlanta Hawks,94,Philadelphia 76ers,122,Box Score,,20031,2:10,Wells Fargo Center,,2022
"Sat, Oct 30, 2021",8:00p,Utah Jazz,99,Chicago Bulls,107,Box Score,,20668,2:17,United Center,,2022
"Sat, Oct 30, 2021",8:00p,Miami Heat,129,Memphis Grizzlies,103,Box Score,,15989,2:10,FedEx Forum,,2022
"Sat, Oct 30, 2021",8:00p,San Antonio Spurs,102,Milwaukee Bucks,93,Box Score,,17341,2:11,Fiserv Forum,,2022
"Sat, Oct 30, 2021",8:30p,Oklahoma City Thunder,82,Golden State Warriors,103,Box Score,,18064,2:02,Chase Center,,2022
"Sat, Oct 30, 2021",9:00p,Denver Nuggets,93,Minnesota Timberwolves,91,Box Score,,17136,2:02,Target Center,,2022
"Sat, Oct 30, 2021",10:00p,Cleveland Cavaliers,92,Phoenix Suns,101,Box Score,,14516,2:06,Phoenix Suns Arena,,2022
"Sun, Oct 31, 2021",3:30p,Sacramento Kings,99,Dallas Mavericks,105,Box Score,,19231,2:07,American Airlines Center,,2022
"Sun, Oct 31, 2021",7:00p,Portland Trail Blazers,113,Charlotte Hornets,125,Box Score,,14960,2:03,Spectrum Center,,2022
"Sun, Oct 31, 2021",7:00p,Utah Jazz,107,Milwaukee Bucks,95,Box Score,,17341,2:10,Fiserv Forum,,2022
"Sun, Oct 31, 2021",7:30p,Detroit Pistons,91,Brooklyn Nets,117,Box Score,,13507,2:05,Barclays Center,,2022
"Sun, Oct 31, 2021",10:30p,Houston Rockets,85,Los Angeles Lakers,95,Box Score,,16448,2:13,Crypto.com Arena,,2022
"Tue, Oct 18, 2022",7:30p,Philadelphia 76ers,117,Boston Celtics,126,Box Score,,19156,2:31,TD Garden,,2023
"Tue, Oct 18, 2022",10:00p,Los Angeles Lakers,109,Golden State Warriors,123,Box Score,,18064,2:33,Chase Center,,2023
"Wed, Oct 19, 2022",7:00p,Orlando Magic,109,Detroit Pistons,113,Box Score,,20190,2:16,Little Caesars Arena,,2023
"Wed, Oct 19, 2022",7:00p,Washington Wizards,114,Indiana Pacers,107,Box Score,,15027,2:22,Gainbridge Fieldhouse,,2023
"Wed, Oct 19, 2022",7:30p,Houston Rockets,107,Atlanta Hawks,117,Box Score,,17878,2:05,State Farm Arena,,2023
"Wed, Oct 19, 2022",7:30p,New Orleans Pelicans,130,Brooklyn Nets,108,Box Score,,18003,2:14,Barclays Center,,2023
"Wed, Oct 19, 2022",7:30p,New York Knicks,112,Memphis Grizzlies,115,Box Score,OT,18202,2:36,FedEx Forum,,2023
"Wed, Oct 19, 2022",7:30p,Chicago Bulls,116,Miami Heat,108,Box Score,,19600,2:20,Kaseya Center,,2023
"Wed, Oct 19, 2022",7:30p,Cleveland Cavaliers,105,Toronto Raptors,108,Box Score,,19800,2:19,Scotiabank Arena,,2023
"Wed, Oct 19, 2022",8:00p,Oklahoma City Thunder,108,Minnesota Timberwolves,115,Box Score,,17136,2:21,Target Center,,2023
"Wed, Oct 19, 2022",8:00p,Charlotte Hornets,129,San Antonio Spurs,102,Box Score,,16236,2:07,AT&T Center,,2023
"Wed, Oct 19, 2022",9:00p,Denver Nuggets,102,Utah Jazz,123,Box Score,,18206,2:15,Vivint Arena,,2023
"Wed, Oct 19, 2022",10:00p,Dallas Mavericks,105,Phoenix Suns,107,Box Score,,17071,2:26,Footprint Center,,2023
"Wed, Oct 19, 2022",10:00p,Portland Trail Blazers,115,Sacramento Kings,108,Box Score,,17611,2:24,Golden 1 Center,,2023
"Thu, Oct 20, 2022",7:30p,Milwaukee Bucks,90,Philadelphia 76ers,88,Box Score,,20060,2:19,Wells Fargo Center,,2023
"Thu, Oct 20, 2022",10:00p,Los Angeles Clippers,103,Los Angeles Lakers,97,Box Score,,18997,2:30,Crypto.com Arena,,2023
"Fri, Oct 21, 2022",7:00p,New Orleans Pelicans,124,Charlotte Hornets,112,Box Score,,19287,2:15,Spectrum Center,,2023
"Fri, Oct 21, 2022",7:00p,San Antonio Spurs,137,Indiana Pacers,134,Box Score,,12073,2:30,Gainbridge Fieldhouse,,2023
"Fri, Oct 21, 2022",7:00p,Chicago Bulls,100,Washington Wizards,102,Box Score,,20476,2:15,Capital One Arena,,2023
"Fri, Oct 21, 2022",7:30p,Orlando Magic,98,Atlanta Hawks,108,Box Score,,17822,2:12,State Farm Arena,,2023
"Fri, Oct 21, 2022",7:30p,Toronto Raptors,105,Brooklyn Nets,109,Box Score,,17732,2:15,Barclays Center,,2023
"Fri, Oct 21, 2022",7:30p,Boston Celtics,111,Miami Heat,104,Box Score,,19600,2:10,Kaseya Center,,2023
"Fri, Oct 21, 2022",7:30p,Detroit Pistons,106,New York Knicks,130,Box Score,,19812,2:12,Madison Square Garden (IV),,2023
"Fri, Oct 21, 2022",8:00p,Memphis Grizzlies,129,Houston Rockets,122,Box Score,,18055,2:19,Toyota Center,,2023
"Fri, Oct 21, 2022",8:00p,Utah Jazz,132,Minnesota Timberwolves,126,Box Score,OT,17136,2:37,Target Center,,2023
"Fri, Oct 21, 2022",10:00p,Denver Nuggets,128,Golden State Warriors,123,Box Score,,18064,2:31,Chase Center,,2023
"Fri, Oct 21, 2022",10:00p,Phoenix Suns,111,Portland Trail Blazers,113,Box Score,OT,19393,2:35,Moda Center,,2023
"Sat, Oct 22, 2022",6:00p,San Antonio Spurs,114,Philadelphia 76ers,105,Box Score,,19822,2:15,Wells Fargo Center,,2023
"Sat, Oct 22, 2022",7:00p,Detroit Pistons,115,Indiana Pacers,124,Box Score,,16056,2:26,Gainbridge Fieldhouse,,2023
"Sat, Oct 22, 2022",7:00p,Boston Celtics,126,Orlando Magic,120,Box Score,,19299,2:24,Amway Center,,2023
"Sat, Oct 22, 2022",8:00p,Cleveland Cavaliers,128,Chicago Bulls,96,Box Score,,21089,2:11,United Center,,2023
"Sat, Oct 22, 2022",8:00p,Toronto Raptors,109,Miami Heat,112,Box Score,,19600,2:29,Kaseya Center,,2023
"Sat, Oct 22, 2022",8:00p,Houston Rockets,105,Milwaukee Bucks,125,Box Score,,17341,2:11,Fiserv Forum,,2023
"Sat, Oct 22, 2022",8:30p,Memphis Grizzlies,96,Dallas Mavericks,137,Box Score,,20377,2:18,American Airlines Center,,2023
"Sat, Oct 22, 2022",9:00p,Oklahoma City Thunder,117,Denver Nuggets,122,Box Score,,19983,2:19,Ball Arena,,2023
"Sat, Oct 22, 2022",10:00p,Los Angeles Clippers,111,Sacramento Kings,109,Box Score,,16296,2:27,Golden 1 Center,,2023
"Sun, Oct 23, 2022",3:30p,Portland Trail Blazers,106,Los Angeles Lakers,104,Box Score,,18997,2:28,Crypto.com Arena,,2023
"Sun, Oct 23, 2022",5:00p,Charlotte Hornets,126,Atlanta Hawks,109,Box Score,,17383,2:20,State Farm Arena,,2023
"Sun, Oct 23, 2022",7:00p,Washington Wizards,107,Cleveland Cavaliers,117,Box Score,OT,19432,2:34,Rocket Mortgage Fieldhouse,,2023
"Sun, Oct 23, 2022",7:00p,Utah Jazz,122,New Orleans Pelicans,121,Box Score,OT,18665,2:31,Smoothie King Center,,2023
"Sun, Oct 23, 2022",8:00p,Minnesota Timberwolves,116,Oklahoma City Thunder,106,Box Score,,15044,2:09,Paycom Center,,2023
"Sun, Oct 23, 2022",8:30p,Sacramento Kings,125,Golden State Warriors,130,Box Score,,18064,2:24,Chase Center,,2023
"Sun, Oct 23, 2022",10:00p,Phoenix Suns,112,Los Angeles Clippers,95,Box Score,,19068,2:06,Crypto.com Arena,,2023
"Mon, Oct 24, 2022",7:00p,Indiana Pacers,106,Philadelphia 76ers,120,Box Score,,19786,2:16,Wells Fargo Center,,2023
"Mon, Oct 24, 2022",7:30p,Toronto Raptors,98,Miami Heat,90,Box Score,,19600,2:13,Kaseya Center,,2023
"Mon, Oct 24, 2022",7:30p,Orlando Magic,102,New York Knicks,115,Box Score,,18800,2:13,Madison Square Garden (IV),,2023
"Mon, Oct 24, 2022",8:00p,Boston Celtics,102,Chicago Bulls,120,Box Score,,17673,2:08,United Center,,2023
"Mon, Oct 24, 2022",8:00p,Utah Jazz,108,Houston Rockets,114,Box Score,,16260,2:14,Toyota Center,,2023
"Mon, Oct 24, 2022",8:00p,Brooklyn Nets,124,Memphis Grizzlies,134,Box Score,,17392,2:19,FedEx Forum,,2023
"Mon, Oct 24, 2022",8:00p,San Antonio Spurs,115,Minnesota Timberwolves,106,Box Score,,15347,2:11,Target Center,,2023
"Mon, Oct 24, 2022",10:00p,Denver Nuggets,110,Portland Trail Blazers,135,Box Score,,18111,2:11,Moda Center,,2023
"Tue, Oct 25, 2022",7:00p,Detroit Pistons,99,Washington Wizards,120,Box Score,,13196,2:13,Capital One Arena,,2023
"Tue, Oct 25, 2022",7:30p,Dallas Mavericks,111,New Orleans Pelicans,113,Box Score,,14020,2:17,Smoothie King Center,,2023
"Tue, Oct 25, 2022",8:00p,Los Angeles Clippers,94,Oklahoma City Thunder,108,Box Score,,13105,2:05,Paycom Center,,2023
"Tue, Oct 25, 2022",10:00p,Golden State Warriors,105,Phoenix Suns,134,Box Score,,17071,2:23,Footprint Center,,2023
"Wed, Oct 26, 2022",7:00p,Orlando Magic,92,Cleveland Cavaliers,103,Box Score,,0,2:26,Rocket Mortgage Fieldhouse,,2023
"Wed, Oct 26, 2022",7:00p,Atlanta Hawks,118,Detroit Pistons,113,Box Score,,17987,2:19,Little Caesars Arena,,2023
"Wed, Oct 26, 2022",7:30p,Brooklyn Nets,99,Milwaukee Bucks,110,Box Score,,17341,2:31,Fiserv Forum,,2023
"Wed, Oct 26, 2022",7:30p,Charlotte Hornets,131,New York Knicks,134,Box Score,OT,19812,2:45,Madison Square Garden (IV),,2023
"Wed, Oct 26, 2022",7:30p,Philadelphia 76ers,109,Toronto Raptors,119,Box Score,,19800,2:02,Scotiabank Arena,,2023
"Wed, Oct 26, 2022",8:00p,Indiana Pacers,109,Chicago Bulls,124,Box Score,,18306,2:26,United Center,,2023
"Wed, Oct 26, 2022",8:00p,San Antonio Spurs,122,Minnesota Timberwolves,134,Box Score,,16165,2:05,Target Center,,2023
"Wed, Oct 26, 2022",9:00p,Houston Rockets,101,Utah Jazz,109,Box Score,,18206,2:20,Vivint Arena,,2023
"Wed, Oct 26, 2022",10:00p,Los Angeles Lakers,99,Denver Nuggets,110,Box Score,,19520,2:12,Ball Arena,,2023
"Wed, Oct 26, 2022",10:00p,Miami Heat,119,Portland Trail Blazers,98,Box Score,,18588,2:03,Moda Center,,2023
"Thu, Oct 27, 2022",7:30p,Dallas Mavericks,129,Brooklyn Nets,125,Box Score,OT,18039,2:42,Barclays Center,,2023
"Thu, Oct 27, 2022",8:00p,Los Angeles Clippers,110,Oklahoma City Thunder,118,Box Score,,14510,2:05,Paycom Center,,2023
"Thu, Oct 27, 2022",10:00p,Miami Heat,110,Golden State Warriors,123,Box Score,,18064,2:04,Chase Center,,2023
"Thu, Oct 27, 2022",10:00p,Memphis Grizzlies,125,Sacramento Kings,110,Box Score,,15511,2:08,Golden 1 Center,,2023
"Fri, Oct 28, 2022",7:00p,Atlanta Hawks,136,Detroit Pistons,112,Box Score,,18923,2:11,Little Caesars Arena,,2023
"Fri, Oct 28, 2022",7:00p,Charlotte Hornets,93,Orlando Magic,113,Box Score,,18846,2:08,Amway Center,,2023
"Fri, Oct 28, 2022",7:30p,Cleveland Cavaliers,132,Boston Celtics,123,Box Score,OT,19156,2:42,TD Garden,,2023
"Fri, Oct 28, 2022",7:30p,Philadelphia 76ers,112,Toronto Raptors,90,Box Score,,19800,2:05,Scotiabank Arena,,2023
"Fri, Oct 28, 2022",7:30p,Indiana Pacers,127,Washington Wizards,117,Box Score,,13463,2:25,Capital One Arena,,2023
"Fri, Oct 28, 2022",8:00p,New York Knicks,108,Milwaukee Bucks,119,Box Score,,17341,2:25,Fiserv Forum,,2023
"Fri, Oct 28, 2022",8:00p,Los Angeles Lakers,102,Minnesota Timberwolves,111,Box Score,,17136,2:28,Target Center,,2023
"Fri, Oct 28, 2022",8:30p,Chicago Bulls,124,San Antonio Spurs,129,Box Score,,16562,2:17,AT&T Center,,2023
"Fri, Oct 28, 2022",9:00p,Utah Jazz,101,Denver Nuggets,117,Box Score,,19560,2:07,Ball Arena,,2023
"Fri, Oct 28, 2022",10:00p,New Orleans Pelicans,111,Phoenix Suns,124,Box Score,,17071,2:13,Footprint Center,,2023
"Fri, Oct 28, 2022",10:00p,Houston Rockets,111,Portland Trail Blazers,125,Box Score,,19082,2:11,Moda Center,,2023
"Sat, Oct 29, 2022",6:00p,Miami Heat,113,Sacramento Kings,119,Box Score,,14618,2:31,Golden 1 Center,,2023
"Sat, Oct 29, 2022",7:00p,Golden State Warriors,113,Charlotte Hornets,120,Box Score,OT,19079,2:26,Spectrum Center,,2023
"Sat, Oct 29, 2022",7:30p,Indiana Pacers,125,Brooklyn Nets,116,Box Score,,17732,2:14,Barclays Center,,2023
"Sat, Oct 29, 2022",8:00p,Philadelphia 76ers,114,Chicago Bulls,109,Box Score,,19010,2:25,United Center,,2023
"Sat, Oct 29, 2022",8:00p,Atlanta Hawks,115,Milwaukee Bucks,123,Box Score,,17341,2:15,Fiserv Forum,,2023
"Sat, Oct 29, 2022",9:00p,Oklahoma City Thunder,117,Dallas Mavericks,111,Box Score,OT,20307,2:38,American Airlines Center,,2023
"Sat, Oct 29, 2022",9:00p,Memphis Grizzlies,123,Utah Jazz,124,Box Score,,18206,2:14,Vivint Arena,,2023
"Sun, Oct 30, 2022",3:00p,New Orleans Pelicans,112,Los Angeles Clippers,91,Box Score,,18142,1:59,Crypto.com Arena,,2023
"Sun, Oct 30, 2022",6:00p,Washington Wizards,94,Boston Celtics,112,Box Score,,19156,2:00,TD Garden,,2023
"Sun, Oct 30, 2022",6:00p,New York Knicks,108,Cleveland Cavaliers,121,Box Score,,19432,2:13,Rocket Mortgage Fieldhouse,,2023
"Sun, Oct 30, 2022",6:00p,Golden State Warriors,114,Detroit Pistons,128,Box Score,,20190,2:19,Little Caesars Arena,,2023
"Sun, Oct 30, 2022",7:00p,Minnesota Timberwolves,98,San Antonio Spurs,107,Box Score,,15053,2:14,AT&T Center,,2023
"Sun, Oct 30, 2022",7:30p,Orlando Magic,105,Dallas Mavericks,114,Box Score,,20042,2:22,American Airlines Center,,2023
"Sun, Oct 30, 2022",9:00p,Houston Rockets,109,Phoenix Suns,124,Box Score,,17071,2:22,Footprint Center,,2023
"Sun, Oct 30, 2022",9:30p,Denver Nuggets,110,Los Angeles Lakers,121,Box Score,,18997,2:07,Crypto.com Arena,,2023
"Mon, Oct 31, 2022",7:00p,Sacramento Kings,115,Charlotte Hornets,108,Box Score,,12020,2:19,Spectrum Center,,2023
"Mon, Oct 31, 2022",7:00p,Philadelphia 76ers,118,Washington Wizards,111,Box Score,,13746,2:14,Capital One Arena,,2023
"Mon, Oct 31, 2022",7:30p,Indiana Pacers,109,Brooklyn Nets,116,Box Score,,15770,2:20,Barclays Center,,2023
"Mon, Oct 31, 2022",7:30p,Atlanta Hawks,109,Toronto Raptors,139,Box Score,,19800,2:13,Scotiabank Arena,,2023
"Mon, Oct 31, 2022",8:00p,Detroit Pistons,108,Milwaukee Bucks,110,Box Score,,17341,2:21,Fiserv Forum,,2023
"Mon, Oct 31, 2022",9:00p,Memphis Grizzlies,105,Utah Jazz,121,Box Score,,18206,2:16,Vivint Arena,,2023
"Mon, Oct 31, 2022",10:30p,Houston Rockets,93,Los Angeles Clippers,95,Box Score,,14887,2:13,Crypto.com Arena,,2023
"Tue, Oct 24, 2023",7:30p,Los Angeles Lakers,107,Denver Nuggets,119,Box Score,,19842,2:17,Ball Arena,,2024
"Tue, Oct 24, 2023",10:00p,Phoenix Suns,108,Golden State Warriors,104,Box Score,,18064,2:33,Chase Center,,2024
"Wed, Oct 25, 2023",7:00p,Houston Rockets,86,Orlando Magic,116,Box Score,,18846,2:14,Kia Center,,2024
"Wed, Oct 25, 2023",7:00p,Boston Celtics,108,New York Knicks,104,Box Score,,19812,2:39,Madison Square Garden (IV),,2024
"Wed, Oct 25, 2023",7:00p,Washington Wizards,120,Indiana Pacers,143,Box Score,,16004,2:07,Gainbridge Fieldhouse,,2024
"Wed, Oct 25, 2023",7:00p,Atlanta Hawks,110,Charlotte Hornets,116,Box Score,,16129,2:22,Spectrum Center,,2024
"Wed, Oct 25, 2023",7:30p,Detroit Pistons,102,Miami Heat,103,Box Score,,19695,2:14,Kaseya Center,,2024
"Wed, Oct 25, 2023",7:30p,Minnesota Timberwolves,94,Toronto Raptors,97,Box Score,,19800,2:10,Scotiabank Arena,,2024
"Wed, Oct 25, 2023",7:30p,Cleveland Cavaliers,114,Brooklyn Nets,113,Box Score,,17931,2:18,Barclays Center,,2024
"Wed, Oct 25, 2023",8:00p,New Orleans Pelicans,111,Memphis Grizzlies,104,Box Score,,17798,2:20,FedEx Forum,,2024
"Wed, Oct 25, 2023",8:00p,Oklahoma City Thunder,124,Chicago Bulls,104,Box Score,,21369,2:05,United Center,,2024
"Wed, Oct 25, 2023",9:00p,Sacramento Kings,130,Utah Jazz,114,Box Score,,18206,2:18,Delta Center,,2024
"Wed, Oct 25, 2023",9:30p,Dallas Mavericks,126,San Antonio Spurs,119,Box Score,,18947,2:20,Frost Bank Center,,2024
"Wed, Oct 25, 2023",10:30p,Portland Trail Blazers,111,Los Angeles Clippers,123,Box Score,,19370,2:09,Crypto.com Arena,,2024
"Thu, Oct 26, 2023",7:30p,Philadelphia 76ers,117,Milwaukee Bucks,118,Box Score,,17783,2:40,Fiserv Forum,,2024
"Thu, Oct 26, 2023",10:00p,Phoenix Suns,95,Los Angeles Lakers,100,Box Score,,18997,2:26,Crypto.com Arena,,2024
"Fri, Oct 27, 2023",7:00p,Denver Nuggets,108,Memphis Grizzlies,104,Box Score,,16617,2:20,FedEx Forum,,2024
"Fri, Oct 27, 2023",7:00p,Detroit Pistons,111,Charlotte Hornets,99,Box Score,,15855,2:24,Spectrum Center,,2024
"Fri, Oct 27, 2023",7:30p,New York Knicks,126,Atlanta Hawks,120,Box Score,,17692,2:11,State Farm Arena,,2024
"Fri, Oct 27, 2023",7:30p,Oklahoma City Thunder,108,Cleveland Cavaliers,105,Box Score,,19432,2:27,Rocket Mortgage Fieldhouse,,2024
"Fri, Oct 27, 2023",7:30p,Miami Heat,111,Boston Celtics,119,Box Score,,19156,2:20,TD Garden,,2024
"Fri, Oct 27, 2023",8:00p,Toronto Raptors,103,Chicago Bulls,104,Box Score,OT,19555,2:45,United Center,,2024
"Fri, Oct 27, 2023",8:00p,Houston Rockets,122,San Antonio Spurs,126,Box Score,OT,18354,2:38,Frost Bank Center,,2024
"Fri, Oct 27, 2023",8:30p,Brooklyn Nets,120,Dallas Mavericks,125,Box Score,,20238,2:14,American Airlines Center,,2024
"Fri, Oct 27, 2023",9:30p,Los Angeles Clippers,118,Utah Jazz,120,Box Score,,18206,2:15,Delta Center,,2024
"Fri, Oct 27, 2023",10:00p,Orlando Magic,102,Portland Trail Blazers,97,Box Score,,19464,2:19,Moda Center,,2024
"Fri, Oct 27, 2023",10:00p,Golden State Warriors,122,Sacramento Kings,114,Box Score,,18250,2:22,Golden 1 Center,,2024
"Sat, Oct 28, 2023",7:00p,Chicago Bulls,102,Detroit Pistons,118,Box Score,,20062,2:10,Little Caesars Arena,,2024
"Sat, Oct 28, 2023",7:00p,Memphis Grizzlies,106,Washington Wizards,113,Box Score,,16191,2:16,Capital One Arena,,2024
"Sat, Oct 28, 2023",7:00p,New York Knicks,87,New Orleans Pelicans,96,Box Score,,16331,2:08,Smoothie King Center,,2024
"Sat, Oct 28, 2023",7:30p,Indiana Pacers,125,Cleveland Cavaliers,113,Box Score,,19432,2:10,Rocket Mortgage Fieldhouse,,2024
"Sat, Oct 28, 2023",7:30p,Philadelphia 76ers,114,Toronto Raptors,107,Box Score,,19800,2:10,Scotiabank Arena,,2024
"Sat, Oct 28, 2023",8:00p,Miami Heat,90,Minnesota Timberwolves,106,Box Score,,18024,2:05,Target Center,,2024
"Sat, Oct 28, 2023",10:00p,Utah Jazz,104,Phoenix Suns,126,Box Score,,17071,2:13,Footprint Center,,2024
"Sun, Oct 29, 2023",3:30p,Denver Nuggets,128,Oklahoma City Thunder,95,Box Score,,18203,2:00,Paycom Center,,2024
"Sun, Oct 29, 2023",7:00p,Golden State Warriors,106,Houston Rockets,95,Box Score,,18055,2:17,Toyota Center,,2024
"Sun, Oct 29, 2023",7:00p,Atlanta Hawks,127,Milwaukee Bucks,110,Box Score,,17341,2:15,Fiserv Forum,,2024
"Sun, Oct 29, 2023",7:30p,Portland Trail Blazers,98,Philadelphia 76ers,126,Box Score,,19768,2:13,Wells Fargo Center,,2024
"Sun, Oct 29, 2023",9:00p,San Antonio Spurs,83,Los Angeles Clippers,123,Box Score,,19370,2:06,Crypto.com Arena,,2024
"Sun, Oct 29, 2023",9:00p,Los Angeles Lakers,127,Sacramento Kings,132,Box Score,OT,18198,2:38,Golden 1 Center,,2024
"Mon, Oct 30, 2023",7:00p,Chicago Bulls,112,Indiana Pacers,105,Box Score,,15021,2:26,Gainbridge Fieldhouse,,2024
"Mon, Oct 30, 2023",7:00p,Boston Celtics,126,Washington Wizards,107,Box Score,,17898,2:06,Capital One Arena,,2024
"Mon, Oct 30, 2023",7:00p,Brooklyn Nets,133,Charlotte Hornets,121,Box Score,,14491,2:12,Spectrum Center,,2024
"Mon, Oct 30, 2023",7:30p,Portland Trail Blazers,99,Toronto Raptors,91,Box Score,,19266,2:03,Scotiabank Arena,,2024
"Mon, Oct 30, 2023",7:30p,Minnesota Timberwolves,113,Atlanta Hawks,127,Box Score,,15504,2:05,State Farm Arena,,2024
"Mon, Oct 30, 2023",8:00p,Dallas Mavericks,125,Memphis Grizzlies,110,Box Score,,15031,2:14,FedEx Forum,,2024
"Mon, Oct 30, 2023",8:00p,Miami Heat,114,Milwaukee Bucks,122,Box Score,,17341,2:24,Fiserv Forum,,2024
"Mon, Oct 30, 2023",8:00p,Golden State Warriors,130,New Orleans Pelicans,102,Box Score,,17286,2:08,Smoothie King Center,,2024
"Mon, Oct 30, 2023",8:00p,Detroit Pistons,112,Oklahoma City Thunder,124,Box Score,,16127,2:18,Paycom Center,,2024
"Mon, Oct 30, 2023",9:00p,Utah Jazz,102,Denver Nuggets,110,Box Score,,19671,2:11,Ball Arena,,2024
"Mon, Oct 30, 2023",10:30p,Orlando Magic,103,Los Angeles Lakers,106,Box Score,,18997,2:18,Crypto.com Arena,,2024
"Tue, Oct 31, 2023",7:30p,New York Knicks,109,Cleveland Cavaliers,91,Box Score,,19432,2:14,Rocket Mortgage Fieldhouse,,2024
"Tue, Oct 31, 2023",10:00p,San Antonio Spurs,115,Phoenix Suns,114,Box Score,,17071,2:28,Footprint Center,,2024
"Tue, Oct 31, 2023",10:30p,Orlando Magic,102,Los Angeles Clippers,118,Box Score,,14014,2:17,Crypto.com Arena,,2024
